,InvoiceNo,StockCode,Description,Quantity,InvoiceDate,UnitPrice,CustomerID,Country,,,,,,,
0,546305,22328,ROUND SNACK BOXES SET OF 4 FRUITS ,1,3/10/11 16:16,2.95,14056,United Kingdom,,,,Correct Answer,Generated SQL,isCorrect,Question
1,571240,22662,LUNCH BAG DOLLY GIRL DESIGN,10,10/14/11 14:55,1.65,12562,France,,,,30,,TRUE,Which customer purchased the most number of products?
2,544918,21061,PARTY INVITES FOOTBALL,12,2/24/11 16:30,0.85,13081,United Kingdom,,,,,,,
3,540458,84744,S/6 SEW ON CROCHET FLOWERS,12,1/7/11 12:28,1.25,12501,Germany,,,,,,,
4,557962,22681,FRENCH BLUE METAL DOOR SIGN 6,10,6/24/11 9:22,1.25,13709,United Kingdom,,,,,,,
5,550527,22328,ROUND SNACK BOXES SET OF 4 FRUITS ,24,4/19/11 10:48,2.95,12476,Germany,,,,,,,
6,564837,22662,LUNCH BAG DOLLY GIRL DESIGN,1,8/30/11 12:40,4.13,,United Kingdom,,,,,,,
7,550819,21061,PARTY INVITES FOOTBALL,4,4/20/11 17:37,0.85,17530,United Kingdom,,,,,,,
8,567530,22328,ROUND SNACK BOXES SET OF 4 FRUITS ,6,9/21/11 9:33,2.95,12390,Belgium,,,,,,,
9,565649,22662,LUNCH BAG DOLLY GIRL DESIGN,3,9/5/11 16:27,1.65,16712,United Kingdom,,,,,,,
10,564749,22328,ROUND SNACK BOXES SET OF 4 FRUITS ,12,8/30/11 8:15,2.95,12708,Germany,,,,,,,
11,565234,22662,LUNCH BAG DOLLY GIRL DESIGN,2,9/2/11 9:38,4.13,,United Kingdom,,,,,,,
12,553199,22662,LUNCH BAG DOLLY GIRL DESIGN,4,5/15/11 15:14,1.65,17758,United Kingdom,,,,,,,
13,581000,22328,ROUND SNACK BOXES SET OF 4 FRUITS ,6,12/7/11 8:03,2.95,12720,Germany,,,,,,,
14,539750,22328,ROUND SNACK BOXES SET OF 4 FRUITS ,1,12/21/10 15:40,6.77,,United Kingdom,,,,,,,
15,567196,22328,ROUND SNACK BOXES SET OF 4 FRUITS ,12,9/19/11 10:09,2.95,12379,Belgium,,,,,,,
16,540414,22328,ROUND SNACK BOXES SET OF 4 FRUITS ,6,1/7/11 10:32,2.95,12481,Germany,,,,,,,
17,540531,22662,LUNCH BAG DOLLY GIRL DESIGN,1,1/9/11 14:03,1.65,16549,United Kingdom,,,,,,,
18,540995,22662,LUNCH BAG DOLLY GIRL DESIGN,1,1/13/11 9:30,4.13,,United Kingdom,,,,,,,
19,566786,22662,LUNCH BAG DOLLY GIRL DESIGN,10,9/15/11 10:29,1.65,13518,United Kingdom,,,,,,,
20,580979,22328,ROUND SNACK BOXES SET OF 4 FRUITS ,6,12/6/11 15:40,2.95,12362,Belgium,,,,,,,
21,564749,22328,ROUND SNACK BOXES SET OF 4 FRUITS ,12,8/30/11 8:15,2.95,12708,Germany,,,,,,,
22,545895,22681,FRENCH BLUE METAL DOOR SIGN 6,1,3/7/11 17:14,2.46,,United Kingdom,,,,,,,
23,547663,21061,PARTY INVITES FOOTBALL,5,3/24/11 13:16,0.85,16022,United Kingdom,,,,,,,
24,541848,22328,ROUND SNACK BOXES SET OF 4 FRUITS ,1,1/23/11 13:31,2.95,17611,United Kingdom,,,,,,,
25,564650,22328,ROUND SNACK BOXES SET OF 4 FRUITS ,48,8/26/11 14:17,2.55,14646,Netherlands,,,,,,,
26,572863,22662,LUNCH BAG DOLLY GIRL DESIGN,5,10/26/11 12:53,1.65,17841,United Kingdom,,,,,,,
27,549682,22328,ROUND SNACK BOXES SET OF 4 FRUITS ,6,4/11/11 13:22,2.95,12596,Spain,,,,,,,
28,565117,22662,LUNCH BAG DOLLY GIRL DESIGN,12,9/1/11 11:33,1.65,13089,United Kingdom,,,,,,,
29,570197,22662,LUNCH BAG DOLLY GIRL DESIGN,4,10/7/11 15:45,1.65,13755,United Kingdom,,,,,,,
30,559557,22662,LUNCH BAG DOLLY GIRL DESIGN,10,7/11/11 10:33,1.65,17444,Canada,,,,,,,
31,547658,22662,LUNCH BAG DOLLY GIRL DESIGN,2,3/24/11 13:04,1.65,13736,United Kingdom,,,,,,,
32,551008,22681,FRENCH BLUE METAL DOOR SIGN 6,1,4/26/11 9:50,2.46,,United Kingdom,,,,,,,
33,578089,22328,ROUND SNACK BOXES SET OF 4 FRUITS ,12,11/22/11 17:02,2.95,12483,Sweden,,,,,,,
34,570442,22662,LUNCH BAG DOLLY GIRL DESIGN,2,10/10/11 14:37,1.65,16549,United Kingdom,,,,,,,
35,559699,22328,ROUND SNACK BOXES SET OF 4 FRUITS ,6,7/12/11 8:52,2.95,12682,France,,,,,,,
36,545872,22662,LUNCH BAG DOLLY GIRL DESIGN,2,3/7/11 14:51,1.65,15752,United Kingdom,,,,,,,
37,548502,22328,ROUND SNACK BOXES SET OF 4 FRUITS ,3,3/31/11 14:17,4.13,,United Kingdom,,,,,,,
38,557055,22328,ROUND SNACK BOXES SET OF 4 FRUITS ,24,6/16/11 14:45,2.95,12621,Germany,,,,,,,
39,566580,22662,LUNCH BAG DOLLY GIRL DESIGN,10,9/13/11 13:46,1.65,12822,United Kingdom,,,,,,,
40,541405,22328,ROUND SNACK BOXES SET OF 4 FRUITS ,12,1/17/11 15:17,2.95,12683,France,,,,,,,
41,574056,22328,ROUND SNACK BOXES SET OF 4 FRUITS ,48,11/2/11 14:09,2.55,14646,Netherlands,,,,,,,
42,569486,84744,S/6 SEW ON CROCHET FLOWERS,2,10/4/11 12:51,1.25,15339,United Kingdom,,,,,,,
43,558068,22662,LUNCH BAG DOLLY GIRL DESIGN,1,6/24/11 15:51,4.13,,United Kingdom,,,,,,,
44,562784,22662,LUNCH BAG DOLLY GIRL DESIGN,1,8/9/11 13:22,1.65,16791,United Kingdom,,,,,,,
45,580126,22662,LUNCH BAG DOLLY GIRL DESIGN,10,12/1/11 17:20,1.65,12562,France,,,,,,,
46,536804,22328,ROUND SNACK BOXES SET OF 4 FRUITS ,6,12/2/10 16:34,2.95,14031,United Kingdom,,,,,,,
47,548521,22328,ROUND SNACK BOXES SET OF 4 FRUITS ,6,3/31/11 16:41,2.95,17735,United Kingdom,,,,,,,
48,553044,22328,ROUND SNACK BOXES SET OF 4 FRUITS ,6,5/13/11 9:24,2.95,12682,France,,,,,,,
49,543040,22681,FRENCH BLUE METAL DOOR SIGN 6,2,2/2/11 17:06,1.25,17337,United Kingdom,,,,,,,
50,578089,22328,ROUND SNACK BOXES SET OF 4 FRUITS ,12,11/22/11 17:02,2.95,12483,Sweden,,,,,,,
51,540635,22681,FRENCH BLUE METAL DOOR SIGN 6,10,1/10/11 12:03,1.25,14229,United Kingdom,,,,,,,
52,562131,22662,LUNCH BAG DOLLY GIRL DESIGN,10,8/3/11 9:30,1.65,18178,United Kingdom,,,,,,,
53,543188,22662,LUNCH BAG DOLLY GIRL DESIGN,10,2/4/11 11:45,1.65,12567,France,,,,,,,
54,539043,22662,LUNCH BAG DOLLY GIRL DESIGN,20,12/15/10 15:45,1.65,12928,United Kingdom,,,,,,,
55,545937,22662,LUNCH BAG DOLLY GIRL DESIGN,20,3/8/11 12:05,1.65,12758,Portugal,,,,,,,
56,577613,22328,ROUND SNACK BOXES SET OF 4 FRUITS ,6,11/21/11 10:02,2.95,14911,EIRE,,,,,,,
57,558057,22662,LUNCH BAG DOLLY GIRL DESIGN,10,6/24/11 14:57,1.65,15665,United Kingdom,,,,,,,
58,560018,22328,ROUND SNACK BOXES SET OF 4 FRUITS ,1,7/14/11 12:52,2.95,15987,United Kingdom,,,,,,,
59,563555,22328,ROUND SNACK BOXES SET OF 4 FRUITS ,2,8/17/11 13:21,2.95,16755,United Kingdom,,,,,,,
60,549313,22662,LUNCH BAG DOLLY GIRL DESIGN,30,4/8/11 9:45,1.65,12393,Australia,,,,,,,
61,555536,22681,FRENCH BLUE METAL DOOR SIGN 6,10,6/5/11 12:28,1.25,17675,United Kingdom,,,,,,,
62,561085,22662,LUNCH BAG DOLLY GIRL DESIGN,10,7/25/11 9:26,1.65,14367,United Kingdom,,,,,,,
63,544479,22328,ROUND SNACK BOXES SET OF 4 FRUITS ,96,2/21/11 10:28,2.55,14646,Netherlands,,,,,,,
64,561025,22662,LUNCH BAG DOLLY GIRL DESIGN,1,7/24/11 10:37,1.65,16241,United Kingdom,,,,,,,
65,547796,22328,ROUND SNACK BOXES SET OF 4 FRUITS ,48,3/25/11 12:34,2.55,14646,Netherlands,,,,,,,
66,552878,22328,ROUND SNACK BOXES SET OF 4 FRUITS ,12,5/12/11 9:54,2.95,12625,Germany,,,,,,,
67,556491,22662,LUNCH BAG DOLLY GIRL DESIGN,2,6/12/11 14:15,1.65,16794,United Kingdom,,,,,,,
68,551414,22681,FRENCH BLUE METAL DOOR SIGN 6,10,4/28/11 13:35,1.25,15622,United Kingdom,,,,,,,
69,551544,22328,ROUND SNACK BOXES SET OF 4 FRUITS ,12,5/3/11 9:33,2.95,12683,France,,,,,,,
70,570258,22328,ROUND SNACK BOXES SET OF 4 FRUITS ,3,10/10/11 9:56,4.13,,United Kingdom,,,,,,,
71,552543,22662,LUNCH BAG DOLLY GIRL DESIGN,10,5/10/11 10:22,1.65,12399,Belgium,,,,,,,
72,567280,22328,ROUND SNACK BOXES SET OF 4 FRUITS ,48,9/19/11 11:46,2.55,14646,Netherlands,,,,,,,
73,562102,22662,LUNCH BAG DOLLY GIRL DESIGN,20,8/2/11 14:21,1.65,13089,United Kingdom,,,,,,,
74,579787,22681,FRENCH BLUE METAL DOOR SIGN 6,1,11/30/11 15:33,2.46,,United Kingdom,,,,,,,
75,549902,22662,LUNCH BAG DOLLY GIRL DESIGN,100,4/12/11 16:17,1.45,14006,United Kingdom,,,,,,,
76,542100,84744,S/6 SEW ON CROCHET FLOWERS,2,1/25/11 13:15,1.25,15339,United Kingdom,,,,,,,
77,558778,22662,LUNCH BAG DOLLY GIRL DESIGN,10,7/4/11 10:27,1.65,17160,United Kingdom,,,,,,,
78,563613,22328,ROUND SNACK BOXES SET OF 4 FRUITS ,12,8/18/11 8:49,2.95,12688,Israel,,,,,,,
79,578092,22662,LUNCH BAG DOLLY GIRL DESIGN,20,11/22/11 17:19,1.65,16811,United Kingdom,,,,,,,
80,540519,22662,LUNCH BAG DOLLY GIRL DESIGN,10,1/9/11 12:12,1.65,12793,Portugal,,,,,,,
81,578817,22662,LUNCH BAG DOLLY GIRL DESIGN,2,11/25/11 13:45,1.65,16764,United Kingdom,,,,,,,
82,555115,22328,ROUND SNACK BOXES SET OF 4 FRUITS ,1,5/31/11 14:58,4.13,,United Kingdom,,,,,,,
83,559704,22328,ROUND SNACK BOXES SET OF 4 FRUITS ,6,7/12/11 9:54,2.95,12669,France,,,,,,,
84,549387,22328,ROUND SNACK BOXES SET OF 4 FRUITS ,6,4/8/11 11:33,2.95,13178,United Kingdom,,,,,,,
85,550201,22662,LUNCH BAG DOLLY GIRL DESIGN,10,4/15/11 10:25,1.65,12769,Brazil,,,,,,,
86,569082,22662,LUNCH BAG DOLLY GIRL DESIGN,10,9/30/11 11:55,1.65,18229,United Kingdom,,,,,,,
87,572865,22681,FRENCH BLUE METAL DOOR SIGN 6,1,10/26/11 13:01,1.25,17841,United Kingdom,,,,,,,
88,541570,22328,ROUND SNACK BOXES SET OF 4 FRUITS ,192,1/19/11 12:34,2.55,14646,Netherlands,,,,,,,
89,547796,22328,ROUND SNACK BOXES SET OF 4 FRUITS ,48,3/25/11 12:34,2.55,14646,Netherlands,,,,,,,
90,541139,22662,LUNCH BAG DOLLY GIRL DESIGN,10,1/14/11 11:05,1.65,15213,United Kingdom,,,,,,,
91,567892,22662,LUNCH BAG DOLLY GIRL DESIGN,10,9/22/11 15:51,1.65,15394,United Kingdom,,,,,,,
92,547005,22328,ROUND SNACK BOXES SET OF 4 FRUITS ,6,3/18/11 14:20,2.95,12474,Germany,,,,,,,
93,557263,22662,LUNCH BAG DOLLY GIRL DESIGN,100,6/19/11 11:08,1.45,14646,Netherlands,,,,,,,
94,569331,22662,LUNCH BAG DOLLY GIRL DESIGN,10,10/3/11 13:39,1.65,16875,United Kingdom,,,,,,,
95,555350,22328,ROUND SNACK BOXES SET OF 4 FRUITS ,6,6/2/11 12:08,2.95,17652,United Kingdom,,,,,,,
96,555553,22328,ROUND SNACK BOXES SET OF 4 FRUITS ,6,6/5/11 13:45,2.95,12662,Germany,,,,,,,
97,548373,22662,LUNCH BAG DOLLY GIRL DESIGN,2,3/30/11 16:34,4.13,,United Kingdom,,,,,,,
98,567482,22662,LUNCH BAG DOLLY GIRL DESIGN,2,9/20/11 13:42,1.65,16464,United Kingdom,,,,,,,
99,556243,22328,ROUND SNACK BOXES SET OF 4 FRUITS ,1,6/9/11 16:07,5.79,,United Kingdom,,,,,,,
100,C548731,22328,ROUND SNACK BOXES SET OF 4 FRUITS ,-624,4/4/11 10:12,2.55,12755,Japan,,,,,,,
101,554157,22662,LUNCH BAG DOLLY GIRL DESIGN,2,5/23/11 11:33,1.65,18283,United Kingdom,,,,,,,
102,578017,22328,ROUND SNACK BOXES SET OF 4 FRUITS ,1,11/22/11 13:07,2.95,13569,United Kingdom,,,,,,,
103,549313,22662,LUNCH BAG DOLLY GIRL DESIGN,30,4/8/11 9:45,1.65,12393,Australia,,,,,,,
104,547890,22328,ROUND SNACK BOXES SET OF 4 FRUITS ,5,3/28/11 10:03,2.95,17227,United Kingdom,,,,,,,
105,552731,22328,ROUND SNACK BOXES SET OF 4 FRUITS ,24,5/11/11 10:43,2.95,12372,Denmark,,,,,,,
106,540821,22681,FRENCH BLUE METAL DOOR SIGN 6,1,1/11/11 13:16,2.51,,United Kingdom,,,,,,,
107,553162,22681,FRENCH BLUE METAL DOOR SIGN 6,1,5/13/11 15:53,2.46,,United Kingdom,,,,,,,
108,545988,22328,ROUND SNACK BOXES SET OF 4 FRUITS ,6,3/8/11 12:52,2.95,12662,Germany,,,,,,,
109,562779,22662,LUNCH BAG DOLLY GIRL DESIGN,2,8/9/11 12:58,1.65,17841,United Kingdom,,,,,,,
110,554132,22328,ROUND SNACK BOXES SET OF 4 FRUITS ,6,5/23/11 9:43,2.95,12360,Austria,,,,,,,
111,565579,22662,LUNCH BAG DOLLY GIRL DESIGN,3,9/5/11 12:35,1.65,18283,United Kingdom,,,,,,,
112,552530,22328,ROUND SNACK BOXES SET OF 4 FRUITS ,6,5/10/11 8:58,2.95,13055,United Kingdom,,,,,,,
113,537892,22328,ROUND SNACK BOXES SET OF 4 FRUITS ,6,12/9/10 10:13,2.95,12481,Germany,,,,,,,
114,539453,22662,LUNCH BAG DOLLY GIRL DESIGN,2,12/17/10 17:08,4.21,,United Kingdom,,,,,,,
115,569332,22328,ROUND SNACK BOXES SET OF 4 FRUITS ,1,10/3/11 13:46,2.95,12637,France,,,,,,,
116,542536,22328,ROUND SNACK BOXES SET OF 4 FRUITS ,3,1/28/11 13:37,4.13,,United Kingdom,,,,,,,
117,544684,21061,PARTY INVITES FOOTBALL,2,2/22/11 16:32,1.63,,United Kingdom,,,,,,,
118,545017,22328,ROUND SNACK BOXES SET OF 4 FRUITS ,6,2/25/11 13:51,2.95,12361,Belgium,,,,,,,
119,553224,22662,LUNCH BAG DOLLY GIRL DESIGN,4,5/16/11 10:40,1.65,17228,United Kingdom,,,,,,,
120,545709,22328,ROUND SNACK BOXES SET OF 4 FRUITS ,6,3/7/11 9:49,2.95,12708,Germany,,,,,,,
121,540681,22681,FRENCH BLUE METAL DOOR SIGN 6,1,1/10/11 16:25,2.51,,United Kingdom,,,,,,,
122,539475,22328,ROUND SNACK BOXES SET OF 4 FRUITS ,1,12/19/10 14:41,2.95,16686,United Kingdom,,,,,,,
123,581193,22662,LUNCH BAG DOLLY GIRL DESIGN,1,12/7/11 17:05,1.65,17097,Spain,,,,,,,
124,554699,22328,ROUND SNACK BOXES SET OF 4 FRUITS ,12,5/26/11 9:17,2.95,12613,Germany,,,,,,,
125,537434,22328,ROUND SNACK BOXES SET OF 4 FRUITS ,1,12/6/10 16:57,5.91,,United Kingdom,,,,,,,
126,562153,22662,LUNCH BAG DOLLY GIRL DESIGN,30,8/3/11 11:21,1.45,14088,United Kingdom,,,,,,,
127,566786,22662,LUNCH BAG DOLLY GIRL DESIGN,10,9/15/11 10:29,1.65,13518,United Kingdom,,,,,,,
128,550821,22328,ROUND SNACK BOXES SET OF 4 FRUITS ,1,4/21/11 8:54,2.95,12506,France,,,,,,,
129,549680,22328,ROUND SNACK BOXES SET OF 4 FRUITS ,6,4/11/11 13:02,2.95,12701,Germany,,,,,,,
130,579161,22662,LUNCH BAG DOLLY GIRL DESIGN,1,11/28/11 13:56,1.65,17379,United Kingdom,,,,,,,
131,568100,22662,LUNCH BAG DOLLY GIRL DESIGN,10,9/23/11 15:20,1.65,15475,United Kingdom,,,,,,,
132,542219,22328,ROUND SNACK BOXES SET OF 4 FRUITS ,6,1/26/11 12:36,2.95,17735,United Kingdom,,,,,,,
133,547109,22328,ROUND SNACK BOXES SET OF 4 FRUITS ,6,3/21/11 11:46,2.95,12423,Belgium,,,,,,,
134,541999,22681,FRENCH BLUE METAL DOOR SIGN 6,1,1/25/11 10:45,2.46,,United Kingdom,,,,,,,
135,562039,22662,LUNCH BAG DOLLY GIRL DESIGN,10,8/2/11 9:55,1.65,12593,France,,,,,,,
136,558420,22662,LUNCH BAG DOLLY GIRL DESIGN,4,6/29/11 11:46,1.65,14577,United Kingdom,,,,,,,
137,564167,22662,LUNCH BAG DOLLY GIRL DESIGN,10,8/23/11 13:50,1.65,17735,United Kingdom,,,,,,,
138,C564138,22662,LUNCH BAG DOLLY GIRL DESIGN,-1,8/23/11 11:36,1.65,12753,Japan,,,,,,,
139,542216,22662,LUNCH BAG DOLLY GIRL DESIGN,10,1/26/11 12:29,1.65,14911,EIRE,,,,,,,
140,545027,22328,ROUND SNACK BOXES SET OF 4 FRUITS ,1,2/25/11 14:59,4.13,,United Kingdom,,,,,,,
141,554157,22662,LUNCH BAG DOLLY GIRL DESIGN,2,5/23/11 11:33,1.65,18283,United Kingdom,,,,,,,
142,555633,22328,ROUND SNACK BOXES SET OF 4 FRUITS ,2,6/6/11 12:22,2.95,14534,United Kingdom,,,,,,,
143,541405,22328,ROUND SNACK BOXES SET OF 4 FRUITS ,12,1/17/11 15:17,2.95,12683,France,,,,,,,
144,570423,22662,LUNCH BAG DOLLY GIRL DESIGN,5,10/10/11 13:38,1.65,14451,United Kingdom,,,,,,,
145,545301,22328,ROUND SNACK BOXES SET OF 4 FRUITS ,6,3/1/11 12:26,2.95,12679,France,,,,,,,
146,550819,21061,PARTY INVITES FOOTBALL,4,4/20/11 17:37,0.85,17530,United Kingdom,,,,,,,
147,555349,22328,ROUND SNACK BOXES SET OF 4 FRUITS ,1,6/2/11 12:08,2.95,16729,United Kingdom,,,,,,,
148,557055,22328,ROUND SNACK BOXES SET OF 4 FRUITS ,24,6/16/11 14:45,2.95,12621,Germany,,,,,,,
149,546540,22328,ROUND SNACK BOXES SET OF 4 FRUITS ,18,3/14/11 15:05,2.55,15061,United Kingdom,,,,,,,
150,565246,22328,ROUND SNACK BOXES SET OF 4 FRUITS ,48,9/2/11 10:27,2.55,12408,Belgium,,,,,,,
151,537666,22328,ROUND SNACK BOXES SET OF 4 FRUITS ,1,12/7/10 18:36,5.91,,United Kingdom,,,,,,,
152,553887,22662,LUNCH BAG DOLLY GIRL DESIGN,10,5/19/11 16:04,1.65,17068,United Kingdom,,,,,,,
153,559418,22328,ROUND SNACK BOXES SET OF 4 FRUITS ,6,7/8/11 11:36,2.95,12681,France,,,,,,,
154,547892,22662,LUNCH BAG DOLLY GIRL DESIGN,10,3/28/11 10:15,1.65,12669,France,,,,,,,
155,575500,22681,FRENCH BLUE METAL DOOR SIGN 6,10,11/10/11 9:57,1.25,16003,United Kingdom,,,,,,,
156,550662,22662,LUNCH BAG DOLLY GIRL DESIGN,10,4/20/11 9:29,1.65,15078,United Kingdom,,,,,,,
157,549044,22662,LUNCH BAG DOLLY GIRL DESIGN,10,4/6/11 9:11,1.65,16161,United Kingdom,,,,,,,
158,545017,22328,ROUND SNACK BOXES SET OF 4 FRUITS ,6,2/25/11 13:51,2.95,12361,Belgium,,,,,,,
159,C578124,22662,LUNCH BAG DOLLY GIRL DESIGN,-1,11/23/11 10:30,1.65,14049,United Kingdom,,,,,,,
160,553547,22328,ROUND SNACK BOXES SET OF 4 FRUITS ,12,5/17/11 15:48,2.95,12474,Germany,,,,,,,
161,542215,22328,ROUND SNACK BOXES SET OF 4 FRUITS ,12,1/26/11 12:27,2.95,12472,Germany,,,,,,,
162,543984,22328,ROUND SNACK BOXES SET OF 4 FRUITS ,6,2/15/11 9:35,2.95,15601,United Kingdom,,,,,,,
163,543111,22662,LUNCH BAG DOLLY GIRL DESIGN,1,2/3/11 12:44,1.65,15719,United Kingdom,,,,,,,
164,554365,22662,LUNCH BAG DOLLY GIRL DESIGN,10,5/24/11 10:22,1.65,13089,United Kingdom,,,,,,,
165,552631,21061,PARTY INVITES FOOTBALL,24,5/10/11 12:55,0.85,12684,France,,,,,,,
166,554978,22662,LUNCH BAG DOLLY GIRL DESIGN,10,5/29/11 11:05,1.65,16889,United Kingdom,,,,,,,
167,576626,84744,S/6 SEW ON CROCHET FLOWERS,1,11/15/11 17:26,1.25,12890,United Kingdom,,,,,,,
168,C551018,22328,ROUND SNACK BOXES SET OF 4 FRUITS ,-1,4/26/11 11:19,2.95,12705,Germany,,,,,,,
169,558042,22328,ROUND SNACK BOXES SET OF 4 FRUITS ,6,6/24/11 13:26,2.95,13870,United Kingdom,,,,,,,
170,559362,22328,ROUND SNACK BOXES SET OF 4 FRUITS ,12,7/8/11 8:43,2.95,12635,Germany,,,,,,,
171,565434,22662,LUNCH BAG DOLLY GIRL DESIGN,3,9/4/11 13:35,1.65,12867,United Kingdom,,,,,,,
172,566816,22662,LUNCH BAG DOLLY GIRL DESIGN,20,9/15/11 10:53,1.65,12731,France,,,,,,,
173,547382,22662,LUNCH BAG DOLLY GIRL DESIGN,3,3/22/11 15:31,1.65,15457,United Kingdom,,,,,,,
174,560650,22328,ROUND SNACK BOXES SET OF 4 FRUITS ,1,7/20/11 11:38,2.95,15529,United Kingdom,,,,,,,
175,558262,22328,ROUND SNACK BOXES SET OF 4 FRUITS ,48,6/28/11 8:45,2.55,14646,Netherlands,,,,,,,
176,558042,22328,ROUND SNACK BOXES SET OF 4 FRUITS ,6,6/24/11 13:26,2.95,13870,United Kingdom,,,,,,,
177,561600,84744,S/6 SEW ON CROCHET FLOWERS,3,7/28/11 11:29,1.25,15861,United Kingdom,,,,,,,
178,547327,22328,ROUND SNACK BOXES SET OF 4 FRUITS ,6,3/22/11 11:28,2.95,12681,France,,,,,,,
179,548732,22662,LUNCH BAG DOLLY GIRL DESIGN,10,4/4/11 10:16,1.65,16142,United Kingdom,,,,,,,
180,570640,22328,ROUND SNACK BOXES SET OF 4 FRUITS ,12,10/11/11 12:38,2.95,12474,Germany,,,,,,,
181,575739,22662,LUNCH BAG DOLLY GIRL DESIGN,1,11/11/11 9:05,4.13,,United Kingdom,,,,,,,
182,542922,22328,ROUND SNACK BOXES SET OF 4 FRUITS ,6,2/2/11 9:06,2.95,12682,France,,,,,,,
183,568531,22662,LUNCH BAG DOLLY GIRL DESIGN,2,9/27/11 13:49,1.65,16713,United Kingdom,,,,,,,
184,C576561,22681,FRENCH BLUE METAL DOOR SIGN 6,-1,11/15/11 13:22,1.06,15311,United Kingdom,,,,,,,
185,563614,22662,LUNCH BAG DOLLY GIRL DESIGN,100,8/18/11 8:51,1.45,12415,Australia,,,,,,,
186,566847,22328,ROUND SNACK BOXES SET OF 4 FRUITS ,1,9/15/11 11:57,2.95,15005,United Kingdom,,,,,,,
187,552262,21061,PARTY INVITES FOOTBALL,12,5/8/11 11:37,0.85,14911,EIRE,,,,,,,
188,554033,22662,LUNCH BAG DOLLY GIRL DESIGN,20,5/20/11 14:06,1.65,16187,United Kingdom,,,,,,,
189,554648,22662,LUNCH BAG DOLLY GIRL DESIGN,10,5/25/11 12:44,1.65,12562,France,,,,,,,
190,537370,22328,ROUND SNACK BOXES SET OF 4 FRUITS ,1,12/6/10 12:44,2.95,13155,United Kingdom,,,,,,,
191,572461,22328,ROUND SNACK BOXES SET OF 4 FRUITS ,1,10/24/11 12:56,2.95,17344,United Kingdom,,,,,,,
192,541809,22328,ROUND SNACK BOXES SET OF 4 FRUITS ,1,1/21/11 14:58,4.13,,United Kingdom,,,,,,,
193,548011,22662,LUNCH BAG DOLLY GIRL DESIGN,200,3/29/11 11:14,1.45,14646,Netherlands,,,,,,,
194,541215,22662,LUNCH BAG DOLLY GIRL DESIGN,10,1/14/11 13:42,1.65,14329,United Kingdom,,,,,,,
195,559607,22328,ROUND SNACK BOXES SET OF 4 FRUITS ,6,7/11/11 11:39,2.95,12681,France,,,,,,,
196,564039,22328,ROUND SNACK BOXES SET OF 4 FRUITS ,24,8/22/11 12:40,2.95,12645,Germany,,,,,,,
197,543349,22328,ROUND SNACK BOXES SET OF 4 FRUITS ,1,2/7/11 13:13,2.95,17774,United Kingdom,,,,,,,
198,536401,84744,S/6 SEW ON CROCHET FLOWERS,1,12/1/10 11:21,1.25,15862,United Kingdom,,,,,,,
199,562878,22662,LUNCH BAG DOLLY GIRL DESIGN,1,8/10/11 10:45,1.65,16241,United Kingdom,,,,,,,
200,565287,22328,ROUND SNACK BOXES SET OF 4 FRUITS ,6,9/2/11 11:42,2.95,12483,Sweden,,,,,,,
201,554465,22662,LUNCH BAG DOLLY GIRL DESIGN,10,5/24/11 12:36,1.65,13534,United Kingdom,,,,,,,
202,540520,21061,PARTY INVITES FOOTBALL,1,1/9/11 12:31,0.85,17555,United Kingdom,,,,,,,
203,572763,22328,ROUND SNACK BOXES SET OF 4 FRUITS ,6,10/26/11 9:54,2.95,12812,Japan,,,,,,,
204,541676,22662,LUNCH BAG DOLLY GIRL DESIGN,10,1/20/11 14:01,1.65,15379,United Kingdom,,,,,,,
205,578463,22662,LUNCH BAG DOLLY GIRL DESIGN,10,11/24/11 12:30,1.65,12757,Portugal,,,,,,,
206,558571,22328,ROUND SNACK BOXES SET OF 4 FRUITS ,12,6/30/11 14:46,2.95,17017,United Kingdom,,,,,,,
207,559499,22328,ROUND SNACK BOXES SET OF 4 FRUITS ,2,7/8/11 14:22,4.13,,United Kingdom,,,,,,,
208,C555273,22328,ROUND SNACK BOXES SET OF 4 FRUITS ,-2,6/1/11 16:33,2.95,12708,Germany,,,,,,,
209,543474,22662,LUNCH BAG DOLLY GIRL DESIGN,4,2/8/11 15:09,1.65,14415,United Kingdom,,,,,,,
210,568645,22662,LUNCH BAG DOLLY GIRL DESIGN,20,9/28/11 11:38,1.65,12656,France,,,,,,,
211,559549,22662,LUNCH BAG DOLLY GIRL DESIGN,1,7/10/11 15:25,1.65,13230,United Kingdom,,,,,,,
212,572763,22328,ROUND SNACK BOXES SET OF 4 FRUITS ,6,10/26/11 9:54,2.95,12812,Japan,,,,,,,
213,556494,22662,LUNCH BAG DOLLY GIRL DESIGN,3,6/12/11 14:57,1.65,17802,United Kingdom,,,,,,,
214,562537,22328,ROUND SNACK BOXES SET OF 4 FRUITS ,6,8/5/11 15:02,2.95,12517,Germany,,,,,,,
215,553835,22662,LUNCH BAG DOLLY GIRL DESIGN,10,5/19/11 11:50,1.65,13529,United Kingdom,,,,,,,
216,544474,22328,ROUND SNACK BOXES SET OF 4 FRUITS ,6,2/21/11 9:52,2.95,12423,Belgium,,,,,,,
217,577106,22328,ROUND SNACK BOXES SET OF 4 FRUITS ,1,11/17/11 17:18,2.95,14456,United Kingdom,,,,,,,
218,547109,22328,ROUND SNACK BOXES SET OF 4 FRUITS ,6,3/21/11 11:46,2.95,12423,Belgium,,,,,,,
219,568346,22681,FRENCH BLUE METAL DOOR SIGN 6,1,9/26/11 15:28,2.46,14096,United Kingdom,,,,,,,
220,551658,22662,LUNCH BAG DOLLY GIRL DESIGN,10,5/3/11 12:13,1.65,16746,United Kingdom,,,,,,,
221,554365,22662,LUNCH BAG DOLLY GIRL DESIGN,10,5/24/11 10:22,1.65,13089,United Kingdom,,,,,,,
222,542090,22662,LUNCH BAG DOLLY GIRL DESIGN,3,1/25/11 12:39,1.65,15518,United Kingdom,,,,,,,
223,562450,22662,LUNCH BAG DOLLY GIRL DESIGN,10,8/5/11 8:40,1.65,12562,France,,,,,,,
224,553515,22681,FRENCH BLUE METAL DOOR SIGN 6,7,5/17/11 14:03,1.25,17515,United Kingdom,,,,,,,
225,561507,22328,ROUND SNACK BOXES SET OF 4 FRUITS ,6,7/27/11 14:21,2.95,12397,Belgium,,,,,,,
226,538566,22662,LUNCH BAG DOLLY GIRL DESIGN,1,12/13/10 11:21,4.21,,United Kingdom,,,,,,,
227,549234,22662,LUNCH BAG DOLLY GIRL DESIGN,1,4/7/11 11:12,1.65,16515,United Kingdom,,,,,,,
228,553997,22662,LUNCH BAG DOLLY GIRL DESIGN,30,5/20/11 11:34,1.65,12656,France,,,,,,,
229,556089,21061,PARTY INVITES FOOTBALL,1,6/8/11 15:25,1.63,,United Kingdom,,,,,,,
230,567280,22662,LUNCH BAG DOLLY GIRL DESIGN,100,9/19/11 11:46,1.45,14646,Netherlands,,,,,,,
231,559549,22662,LUNCH BAG DOLLY GIRL DESIGN,1,7/10/11 15:25,1.65,13230,United Kingdom,,,,,,,
232,567892,22662,LUNCH BAG DOLLY GIRL DESIGN,10,9/22/11 15:51,1.65,15394,United Kingdom,,,,,,,
233,579094,22328,ROUND SNACK BOXES SET OF 4 FRUITS ,6,11/28/11 10:56,2.95,12668,Germany,,,,,,,
234,544914,22662,LUNCH BAG DOLLY GIRL DESIGN,10,2/24/11 15:39,1.65,16722,United Kingdom,,,,,,,
235,542648,22328,ROUND SNACK BOXES SET OF 4 FRUITS ,6,1/31/11 11:46,2.95,12476,Germany,,,,,,,
236,557764,22662,LUNCH BAG DOLLY GIRL DESIGN,12,6/22/11 14:21,1.65,13089,United Kingdom,,,,,,,
237,552468,22662,LUNCH BAG DOLLY GIRL DESIGN,10,5/9/11 15:33,1.65,13141,United Kingdom,,,,,,,
238,563037,22662,LUNCH BAG DOLLY GIRL DESIGN,10,8/11/11 15:02,1.65,12362,Belgium,,,,,,,
239,561507,22662,LUNCH BAG DOLLY GIRL DESIGN,10,7/27/11 14:21,1.65,12397,Belgium,,,,,,,
240,549568,22662,LUNCH BAG DOLLY GIRL DESIGN,10,4/10/11 15:09,1.65,15665,United Kingdom,,,,,,,
241,565595,22662,LUNCH BAG DOLLY GIRL DESIGN,10,9/5/11 14:13,1.65,13192,United Kingdom,,,,,,,
242,576052,22328,ROUND SNACK BOXES SET OF 4 FRUITS ,3,11/13/11 14:48,2.95,15787,United Kingdom,,,,,,,
243,565865,22662,LUNCH BAG DOLLY GIRL DESIGN,10,9/7/11 15:07,1.65,12637,France,,,,,,,
244,547815,22328,ROUND SNACK BOXES SET OF 4 FRUITS ,18,3/25/11 14:19,2.95,13520,Switzerland,,,,,,,
245,580872,22662,LUNCH BAG DOLLY GIRL DESIGN,3,12/6/11 12:02,1.65,18283,United Kingdom,,,,,,,
246,560891,22662,LUNCH BAG DOLLY GIRL DESIGN,10,7/21/11 17:02,1.65,15106,United Kingdom,,,,,,,
247,541265,22662,LUNCH BAG DOLLY GIRL DESIGN,2,1/16/11 16:23,1.65,17609,United Kingdom,,,,,,,
248,543900,22662,LUNCH BAG DOLLY GIRL DESIGN,10,2/14/11 12:11,1.65,12621,Germany,,,,,,,
249,577504,22328,ROUND SNACK BOXES SET OF 4 FRUITS ,2,11/20/11 12:36,2.95,14159,United Kingdom,,,,,,,
250,C555881,22328,ROUND SNACK BOXES SET OF 4 FRUITS ,-1,6/7/11 15:37,2.95,12473,Germany,,,,,,,
251,548289,22328,ROUND SNACK BOXES SET OF 4 FRUITS ,6,3/30/11 11:48,2.95,13988,United Kingdom,,,,,,,
252,565432,22662,LUNCH BAG DOLLY GIRL DESIGN,1,9/4/11 13:16,1.65,16241,United Kingdom,,,,,,,
253,540835,22662,LUNCH BAG DOLLY GIRL DESIGN,10,1/11/11 15:00,1.65,12724,France,,,,,,,
254,554483,22662,LUNCH BAG DOLLY GIRL DESIGN,10,5/24/11 12:57,1.65,13771,United Kingdom,,,,,,,
255,569001,22328,ROUND SNACK BOXES SET OF 4 FRUITS ,6,9/29/11 17:52,2.95,12703,Germany,,,,,,,
256,555278,22328,ROUND SNACK BOXES SET OF 4 FRUITS ,1,6/1/11 17:33,5.79,,United Kingdom,,,,,,,
257,540848,22328,ROUND SNACK BOXES SET OF 4 FRUITS ,1,1/12/11 9:26,5.91,,United Kingdom,,,,,,,
258,539338,22328,ROUND SNACK BOXES SET OF 4 FRUITS ,6,12/17/10 10:54,2.95,17404,Sweden,,,,,,,
259,550740,22328,ROUND SNACK BOXES SET OF 4 FRUITS ,2,4/20/11 11:33,4.13,,United Kingdom,,,,,,,
260,571824,22328,ROUND SNACK BOXES SET OF 4 FRUITS ,6,10/19/11 11:49,2.95,12472,Germany,,,,,,,
261,566520,22681,FRENCH BLUE METAL DOOR SIGN 6,1,9/13/11 11:26,1.25,17757,United Kingdom,,,,,,,
262,545842,22662,LUNCH BAG DOLLY GIRL DESIGN,10,3/7/11 13:37,1.65,15498,United Kingdom,,,,,,,
263,563288,22662,LUNCH BAG DOLLY GIRL DESIGN,20,8/15/11 12:53,1.65,12656,France,,,,,,,
264,541422,22662,LUNCH BAG DOLLY GIRL DESIGN,1,1/17/11 17:48,4.13,,United Kingdom,,,,,,,
265,537892,22328,ROUND SNACK BOXES SET OF 4 FRUITS ,6,12/9/10 10:13,2.95,12481,Germany,,,,,,,
266,542369,22328,ROUND SNACK BOXES SET OF 4 FRUITS ,12,1/27/11 13:08,2.95,12645,Germany,,,,,,,
267,572183,22662,LUNCH BAG DOLLY GIRL DESIGN,10,10/21/11 10:50,1.65,16153,United Kingdom,,,,,,,
268,560273,22662,LUNCH BAG DOLLY GIRL DESIGN,10,7/17/11 14:59,1.65,14895,United Kingdom,,,,,,,
269,544661,22328,ROUND SNACK BOXES SET OF 4 FRUITS ,6,2/22/11 13:59,2.95,15303,United Kingdom,,,,,,,
270,555107,22328,ROUND SNACK BOXES SET OF 4 FRUITS ,6,5/31/11 14:14,2.95,12594,Italy,,,,,,,
271,554497,22328,ROUND SNACK BOXES SET OF 4 FRUITS ,6,5/24/11 14:38,2.95,15819,United Kingdom,,,,,,,
272,554106,21061,PARTY INVITES FOOTBALL,12,5/22/11 14:05,0.85,12710,Germany,,,,,,,
273,537955,22328,ROUND SNACK BOXES SET OF 4 FRUITS ,2,12/9/10 11:28,2.95,16782,United Kingdom,,,,,,,
274,556198,22662,LUNCH BAG DOLLY GIRL DESIGN,3,6/9/11 12:30,1.65,14963,United Kingdom,,,,,,,
275,547796,22328,ROUND SNACK BOXES SET OF 4 FRUITS ,48,3/25/11 12:34,2.55,14646,Netherlands,,,,,,,
276,561507,22662,LUNCH BAG DOLLY GIRL DESIGN,10,7/27/11 14:21,1.65,12397,Belgium,,,,,,,
277,555383,22662,LUNCH BAG DOLLY GIRL DESIGN,2,6/2/11 15:13,1.65,12517,Germany,,,,,,,
278,566290,21061,PARTY INVITES FOOTBALL,1,9/11/11 15:24,0.85,14456,United Kingdom,,,,,,,
279,554992,22328,ROUND SNACK BOXES SET OF 4 FRUITS ,1,5/29/11 14:08,2.95,16686,United Kingdom,,,,,,,
280,552658,22328,ROUND SNACK BOXES SET OF 4 FRUITS ,1,5/10/11 14:57,2.95,14534,United Kingdom,,,,,,,
281,558368,22662,LUNCH BAG DOLLY GIRL DESIGN,10,6/28/11 15:36,1.65,14329,United Kingdom,,,,,,,
282,544495,22662,LUNCH BAG DOLLY GIRL DESIGN,10,2/21/11 11:42,1.65,12766,Portugal,,,,,,,
283,546982,84744,S/6 SEW ON CROCHET FLOWERS,1,3/18/11 12:26,1.25,15483,United Kingdom,,,,,,,
284,552659,22328,ROUND SNACK BOXES SET OF 4 FRUITS ,9,5/10/11 15:03,4.13,,United Kingdom,,,,,,,
285,C548731,22328,ROUND SNACK BOXES SET OF 4 FRUITS ,-624,4/4/11 10:12,2.55,12755,Japan,,,,,,,
286,553387,22328,ROUND SNACK BOXES SET OF 4 FRUITS ,1,5/16/11 16:33,5.79,,United Kingdom,,,,,,,
287,575923,22662,LUNCH BAG DOLLY GIRL DESIGN,10,11/11/11 17:11,1.65,17069,United Kingdom,,,,,,,
288,552851,22662,LUNCH BAG DOLLY GIRL DESIGN,20,5/11/11 15:07,1.65,12731,France,,,,,,,
289,546105,22328,ROUND SNACK BOXES SET OF 4 FRUITS ,2,3/9/11 12:21,2.95,14662,United Kingdom,,,,,,,
290,576607,22328,ROUND SNACK BOXES SET OF 4 FRUITS ,6,11/15/11 15:42,2.95,12474,Germany,,,,,,,
291,539750,22328,ROUND SNACK BOXES SET OF 4 FRUITS ,1,12/21/10 15:40,4.21,,United Kingdom,,,,,,,
292,563137,22328,ROUND SNACK BOXES SET OF 4 FRUITS ,1,8/12/11 11:22,2.95,14534,United Kingdom,,,,,,,
293,568650,22328,ROUND SNACK BOXES SET OF 4 FRUITS ,6,9/28/11 11:56,2.95,13505,Switzerland,,,,,,,
294,564187,22662,LUNCH BAG DOLLY GIRL DESIGN,2,8/23/11 15:24,1.65,15005,United Kingdom,,,,,,,
295,562537,22328,ROUND SNACK BOXES SET OF 4 FRUITS ,6,8/5/11 15:02,2.95,12517,Germany,,,,,,,
296,542090,22662,LUNCH BAG DOLLY GIRL DESIGN,3,1/25/11 12:39,1.65,15518,United Kingdom,,,,,,,
297,565588,22662,LUNCH BAG DOLLY GIRL DESIGN,3,9/5/11 13:50,1.65,16918,United Kingdom,,,,,,,
298,557055,22328,ROUND SNACK BOXES SET OF 4 FRUITS ,24,6/16/11 14:45,2.95,12621,Germany,,,,,,,
299,575602,22662,LUNCH BAG DOLLY GIRL DESIGN,1,11/10/11 12:27,1.65,17059,United Kingdom,,,,,,,
300,570667,22662,LUNCH BAG DOLLY GIRL DESIGN,20,10/11/11 14:33,1.65,12362,Belgium,,,,,,,
301,545176,22681,FRENCH BLUE METAL DOOR SIGN 6,2,2/28/11 14:19,0,,United Kingdom,,,,,,,
302,574481,22328,ROUND SNACK BOXES SET OF 4 FRUITS ,1,11/4/11 12:45,2.95,18022,United Kingdom,,,,,,,
303,C548731,22328,ROUND SNACK BOXES SET OF 4 FRUITS ,-624,4/4/11 10:12,2.55,12755,Japan,,,,,,,
304,548670,22662,LUNCH BAG DOLLY GIRL DESIGN,4,4/1/11 15:37,1.65,15356,United Kingdom,,,,,,,
305,542922,22328,ROUND SNACK BOXES SET OF 4 FRUITS ,6,2/2/11 9:06,2.95,12682,France,,,,,,,
306,557145,22662,LUNCH BAG DOLLY GIRL DESIGN,20,6/17/11 10:43,1.65,17139,United Kingdom,,,,,,,
307,574707,22662,LUNCH BAG DOLLY GIRL DESIGN,20,11/6/11 14:08,1.65,17107,United Kingdom,,,,,,,
308,577613,22328,ROUND SNACK BOXES SET OF 4 FRUITS ,6,11/21/11 10:02,2.95,14911,EIRE,,,,,,,
309,566847,22662,LUNCH BAG DOLLY GIRL DESIGN,2,9/15/11 11:57,1.65,15005,United Kingdom,,,,,,,
310,557427,22328,ROUND SNACK BOXES SET OF 4 FRUITS ,12,6/20/11 12:14,2.95,12429,Denmark,,,,,,,
311,569486,84744,S/6 SEW ON CROCHET FLOWERS,2,10/4/11 12:51,1.25,15339,United Kingdom,,,,,,,
312,C548731,22328,ROUND SNACK BOXES SET OF 4 FRUITS ,-624,4/4/11 10:12,2.55,12755,Japan,,,,,,,
313,552453,22662,LUNCH BAG DOLLY GIRL DESIGN,20,5/9/11 14:10,1.65,12840,United Kingdom,,,,,,,
314,556526,22328,ROUND SNACK BOXES SET OF 4 FRUITS ,6,6/13/11 11:33,2.95,12732,France,,,,,,,
315,553523,22328,ROUND SNACK BOXES SET OF 4 FRUITS ,1,5/17/11 14:46,4.13,,United Kingdom,,,,,,,
316,557886,22328,ROUND SNACK BOXES SET OF 4 FRUITS ,3,6/23/11 13:39,2.95,17799,United Kingdom,,,,,,,
317,550661,22662,LUNCH BAG DOLLY GIRL DESIGN,20,4/20/11 9:20,1.65,12656,France,,,,,,,
318,538811,22328,ROUND SNACK BOXES SET OF 4 FRUITS ,12,12/14/10 12:22,2.95,13178,United Kingdom,,,,,,,
319,551005,21061,PARTY INVITES FOOTBALL,1,4/26/11 9:48,1.63,,United Kingdom,,,,,,,
320,C555881,22328,ROUND SNACK BOXES SET OF 4 FRUITS ,-1,6/7/11 15:37,2.95,12473,Germany,,,,,,,
321,564837,22662,LUNCH BAG DOLLY GIRL DESIGN,1,8/30/11 12:40,4.13,,United Kingdom,,,,,,,
322,575331,22328,ROUND SNACK BOXES SET OF 4 FRUITS ,6,11/9/11 13:52,2.95,13209,United Kingdom,,,,,,,
323,560445,22662,LUNCH BAG DOLLY GIRL DESIGN,100,7/19/11 9:08,1.45,14156,EIRE,,,,,,,
324,554699,22328,ROUND SNACK BOXES SET OF 4 FRUITS ,12,5/26/11 9:17,2.95,12613,Germany,,,,,,,
325,552658,22328,ROUND SNACK BOXES SET OF 4 FRUITS ,1,5/10/11 14:57,2.95,14534,United Kingdom,,,,,,,
326,550320,22662,LUNCH BAG DOLLY GIRL DESIGN,1,4/17/11 12:37,1.65,12748,United Kingdom,,,,,,,
327,563195,22662,LUNCH BAG DOLLY GIRL DESIGN,1,8/12/11 16:36,4.13,,United Kingdom,,,,,,,
328,C543830,22328,ROUND SNACK BOXES SET OF 4 FRUITS ,-2,2/14/11 9:54,2.95,12476,Germany,,,,,,,
329,544694,22662,LUNCH BAG DOLLY GIRL DESIGN,10,2/23/11 9:30,1.65,17706,United Kingdom,,,,,,,
330,551820,22328,ROUND SNACK BOXES SET OF 4 FRUITS ,12,5/4/11 12:11,2.95,12645,Germany,,,,,,,
331,551278,22328,ROUND SNACK BOXES SET OF 4 FRUITS ,12,4/27/11 13:13,2.95,12483,Sweden,,,,,,,
332,537258,22328,ROUND SNACK BOXES SET OF 4 FRUITS ,16,12/6/10 11:16,2.95,17227,United Kingdom,,,,,,,
333,562161,22328,ROUND SNACK BOXES SET OF 4 FRUITS ,1,8/3/11 11:58,2.95,17841,United Kingdom,,,,,,,
334,542114,22328,ROUND SNACK BOXES SET OF 4 FRUITS ,6,1/25/11 14:00,2.95,16943,United Kingdom,,,,,,,
335,543828,22681,FRENCH BLUE METAL DOOR SIGN 6,10,2/14/11 9:45,1.25,14156,EIRE,,,,,,,
336,564437,22328,ROUND SNACK BOXES SET OF 4 FRUITS ,6,8/25/11 12:10,2.95,13320,United Kingdom,,,,,,,
337,570714,22328,ROUND SNACK BOXES SET OF 4 FRUITS ,12,10/12/11 10:20,2.95,13520,Switzerland,,,,,,,
338,565234,21061,PARTY INVITES FOOTBALL,5,9/2/11 9:38,1.63,,United Kingdom,,,,,,,
339,556636,22681,FRENCH BLUE METAL DOOR SIGN 6,1,6/13/11 15:30,2.46,,United Kingdom,,,,,,,
340,571240,22662,LUNCH BAG DOLLY GIRL DESIGN,10,10/14/11 14:55,1.65,12562,France,,,,,,,
341,565917,22328,ROUND SNACK BOXES SET OF 4 FRUITS ,2,9/7/11 16:15,5.79,,United Kingdom,,,,,,,
342,545412,22328,ROUND SNACK BOXES SET OF 4 FRUITS ,15,3/2/11 12:24,2.55,15061,United Kingdom,,,,,,,
343,552874,22328,ROUND SNACK BOXES SET OF 4 FRUITS ,6,5/12/11 9:40,2.95,12621,Germany,,,,,,,
344,574673,22662,LUNCH BAG DOLLY GIRL DESIGN,2,11/6/11 12:26,1.65,15555,United Kingdom,,,,,,,
345,541405,22328,ROUND SNACK BOXES SET OF 4 FRUITS ,12,1/17/11 15:17,2.95,12683,France,,,,,,,
346,569331,22662,LUNCH BAG DOLLY GIRL DESIGN,10,10/3/11 13:39,1.65,16875,United Kingdom,,,,,,,
347,573601,22328,ROUND SNACK BOXES SET OF 4 FRUITS ,2,10/31/11 15:24,4.13,,United Kingdom,,,,,,,
348,559607,22328,ROUND SNACK BOXES SET OF 4 FRUITS ,6,7/11/11 11:39,2.95,12681,France,,,,,,,
349,546526,22328,ROUND SNACK BOXES SET OF 4 FRUITS ,12,3/14/11 12:59,2.55,15061,United Kingdom,,,,,,,
350,539113,22662,LUNCH BAG DOLLY GIRL DESIGN,3,12/16/10 11:24,1.65,12494,France,,,,,,,
351,563555,22662,LUNCH BAG DOLLY GIRL DESIGN,2,8/17/11 13:21,1.65,16755,United Kingdom,,,,,,,
352,560926,21061,PARTY INVITES FOOTBALL,10,7/22/11 9:20,0.83,,United Kingdom,,,,,,,
353,574550,22662,LUNCH BAG DOLLY GIRL DESIGN,1,11/4/11 15:18,1.65,12484,Spain,,,,,,,
354,566580,22662,LUNCH BAG DOLLY GIRL DESIGN,10,9/13/11 13:46,1.65,12822,United Kingdom,,,,,,,
355,C548731,22328,ROUND SNACK BOXES SET OF 4 FRUITS ,-624,4/4/11 10:12,2.55,12755,Japan,,,,,,,
356,577504,22662,LUNCH BAG DOLLY GIRL DESIGN,4,11/20/11 12:36,1.65,14159,United Kingdom,,,,,,,
357,543097,21061,PARTY INVITES FOOTBALL,4,2/3/11 11:41,1.63,,United Kingdom,,,,,,,
358,552337,22328,ROUND SNACK BOXES SET OF 4 FRUITS ,6,5/9/11 11:34,2.95,12621,Germany,,,,,,,
359,562934,22662,LUNCH BAG DOLLY GIRL DESIGN,2,8/10/11 16:56,4.13,,United Kingdom,,,,,,,
360,539338,22328,ROUND SNACK BOXES SET OF 4 FRUITS ,6,12/17/10 10:54,2.95,17404,Sweden,,,,,,,
361,563476,22662,LUNCH BAG DOLLY GIRL DESIGN,20,8/16/11 15:22,1.65,17682,United Kingdom,,,,,,,
362,563903,22662,LUNCH BAG DOLLY GIRL DESIGN,5,8/21/11 11:15,1.65,17068,United Kingdom,,,,,,,
363,C564138,22662,LUNCH BAG DOLLY GIRL DESIGN,-1,8/23/11 11:36,1.65,12753,Japan,,,,,,,
364,560120,22328,ROUND SNACK BOXES SET OF 4 FRUITS ,6,7/15/11 10:27,2.95,14907,United Kingdom,,,,,,,
365,557069,22662,LUNCH BAG DOLLY GIRL DESIGN,10,6/16/11 15:22,1.65,12562,France,,,,,,,
366,580311,22328,ROUND SNACK BOXES SET OF 4 FRUITS ,6,12/2/11 14:48,2.95,18245,United Kingdom,,,,,,,
367,538177,22662,LUNCH BAG DOLLY GIRL DESIGN,1,12/10/10 9:51,4.21,,United Kingdom,,,,,,,
368,545475,22662,LUNCH BAG DOLLY GIRL DESIGN,100,3/3/11 10:59,1.45,12415,Australia,,,,,,,
369,539283,22328,ROUND SNACK BOXES SET OF 4 FRUITS ,6,12/16/10 15:47,2.95,14092,United Kingdom,,,,,,,
370,562560,84744,S/6 SEW ON CROCHET FLOWERS,6,8/5/11 17:12,1.25,14156,EIRE,,,,,,,
371,550500,21061,PARTY INVITES FOOTBALL,1,4/18/11 15:26,1.63,,United Kingdom,,,,,,,
372,538566,22662,LUNCH BAG DOLLY GIRL DESIGN,1,12/13/10 11:21,4.21,,United Kingdom,,,,,,,
373,546252,22662,LUNCH BAG DOLLY GIRL DESIGN,10,3/10/11 14:42,1.65,14930,Channel Islands,,,,,,,
374,550474,22681,FRENCH BLUE METAL DOOR SIGN 6,2,4/18/11 13:58,2.46,,United Kingdom,,,,,,,
375,550527,22328,ROUND SNACK BOXES SET OF 4 FRUITS ,24,4/19/11 10:48,2.95,12476,Germany,,,,,,,
376,569132,22681,FRENCH BLUE METAL DOOR SIGN 6,3,9/30/11 13:54,1.25,17757,United Kingdom,,,,,,,
377,539437,84744,S/6 SEW ON CROCHET FLOWERS,1,12/17/10 14:54,2.51,,United Kingdom,,,,,,,
378,540835,22662,LUNCH BAG DOLLY GIRL DESIGN,10,1/11/11 15:00,1.65,12724,France,,,,,,,
379,569329,22328,ROUND SNACK BOXES SET OF 4 FRUITS ,6,10/3/11 13:03,2.95,17652,United Kingdom,,,,,,,
380,580979,22328,ROUND SNACK BOXES SET OF 4 FRUITS ,6,12/6/11 15:40,2.95,12362,Belgium,,,,,,,
381,562389,21061,PARTY INVITES FOOTBALL,12,8/4/11 15:55,0.85,16531,United Kingdom,,,,,,,
382,562153,22662,LUNCH BAG DOLLY GIRL DESIGN,30,8/3/11 11:21,1.45,14088,United Kingdom,,,,,,,
383,563288,22662,LUNCH BAG DOLLY GIRL DESIGN,20,8/15/11 12:53,1.65,12656,France,,,,,,,
384,555591,22681,FRENCH BLUE METAL DOOR SIGN 6,10,6/6/11 9:59,1.25,15073,United Kingdom,,,,,,,
385,574068,22328,ROUND SNACK BOXES SET OF 4 FRUITS ,6,11/2/11 14:51,2.95,12490,France,,,,,,,
386,574673,22662,LUNCH BAG DOLLY GIRL DESIGN,2,11/6/11 12:26,1.65,15555,United Kingdom,,,,,,,
387,567128,22662,LUNCH BAG DOLLY GIRL DESIGN,4,9/16/11 14:04,1.65,18055,United Kingdom,,,,,,,
388,558262,22328,ROUND SNACK BOXES SET OF 4 FRUITS ,48,6/28/11 8:45,2.55,14646,Netherlands,,,,,,,
389,571679,22662,LUNCH BAG DOLLY GIRL DESIGN,2,10/18/11 13:41,1.65,14159,United Kingdom,,,,,,,
390,539488,22328,ROUND SNACK BOXES SET OF 4 FRUITS ,12,12/20/10 9:37,2.95,12377,Switzerland,,,,,,,
391,569082,22662,LUNCH BAG DOLLY GIRL DESIGN,10,9/30/11 11:55,1.65,18229,United Kingdom,,,,,,,
392,540531,22662,LUNCH BAG DOLLY GIRL DESIGN,1,1/9/11 14:03,1.65,16549,United Kingdom,,,,,,,
393,566816,22662,LUNCH BAG DOLLY GIRL DESIGN,20,9/15/11 10:53,1.65,12731,France,,,,,,,
394,554526,22328,ROUND SNACK BOXES SET OF 4 FRUITS ,3,5/24/11 17:24,2.95,,United Kingdom,,,,,,,
395,555547,22328,ROUND SNACK BOXES SET OF 4 FRUITS ,6,6/5/11 13:13,2.95,12681,France,,,,,,,
396,562161,22328,ROUND SNACK BOXES SET OF 4 FRUITS ,1,8/3/11 11:58,2.95,17841,United Kingdom,,,,,,,
397,555558,22328,ROUND SNACK BOXES SET OF 4 FRUITS ,2,6/5/11 14:06,2.95,14159,United Kingdom,,,,,,,
398,550201,22662,LUNCH BAG DOLLY GIRL DESIGN,10,4/15/11 10:25,1.65,12769,Brazil,,,,,,,
399,571926,22662,LUNCH BAG DOLLY GIRL DESIGN,10,10/19/11 16:41,1.65,16722,United Kingdom,,,,,,,
400,564749,22328,ROUND SNACK BOXES SET OF 4 FRUITS ,12,8/30/11 8:15,2.95,12708,Germany,,,,,,,
401,550297,22328,ROUND SNACK BOXES SET OF 4 FRUITS ,3,4/15/11 15:58,2.95,14056,United Kingdom,,,,,,,
402,544485,22681,FRENCH BLUE METAL DOOR SIGN 6,1,2/21/11 11:35,1.25,17757,United Kingdom,,,,,,,
403,551345,22328,ROUND SNACK BOXES SET OF 4 FRUITS ,48,4/28/11 9:03,2.55,14646,Netherlands,,,,,,,
404,558367,22328,ROUND SNACK BOXES SET OF 4 FRUITS ,3,6/28/11 15:31,2.95,16550,United Kingdom,,,,,,,
405,545475,22662,LUNCH BAG DOLLY GIRL DESIGN,100,3/3/11 10:59,1.45,12415,Australia,,,,,,,
406,540275,22328,ROUND SNACK BOXES SET OF 4 FRUITS ,5,1/6/11 12:11,2.95,13680,United Kingdom,,,,,,,
407,568100,22662,LUNCH BAG DOLLY GIRL DESIGN,10,9/23/11 15:20,1.65,15475,United Kingdom,,,,,,,
408,571304,22328,ROUND SNACK BOXES SET OF 4 FRUITS ,6,10/17/11 9:37,2.95,12526,Germany,,,,,,,
409,548406,22328,ROUND SNACK BOXES SET OF 4 FRUITS ,24,3/31/11 9:57,2.55,15061,United Kingdom,,,,,,,
410,550201,22662,LUNCH BAG DOLLY GIRL DESIGN,10,4/15/11 10:25,1.65,12769,Brazil,,,,,,,
411,546896,22328,ROUND SNACK BOXES SET OF 4 FRUITS ,1,3/17/11 18:24,5.79,,United Kingdom,,,,,,,
412,572726,22662,LUNCH BAG DOLLY GIRL DESIGN,4,10/25/11 15:19,1.65,16056,United Kingdom,,,,,,,
413,569097,22662,LUNCH BAG DOLLY GIRL DESIGN,20,9/30/11 12:06,1.65,12731,France,,,,,,,
414,560298,21061,PARTY INVITES FOOTBALL,2,7/18/11 10:26,1.63,,United Kingdom,,,,,,,
415,541269,22328,ROUND SNACK BOXES SET OF 4 FRUITS ,6,1/17/11 11:01,2.95,12626,Germany,,,,,,,
416,563013,22662,LUNCH BAG DOLLY GIRL DESIGN,10,8/11/11 12:01,1.65,12993,United Kingdom,,,,,,,
417,540021,22681,FRENCH BLUE METAL DOOR SIGN 6,1,1/4/11 12:51,1.25,17841,United Kingdom,,,,,,,
418,574550,22662,LUNCH BAG DOLLY GIRL DESIGN,3,11/4/11 15:18,1.65,12484,Spain,,,,,,,
419,577046,22328,ROUND SNACK BOXES SET OF 4 FRUITS ,6,11/17/11 13:46,2.95,12449,Belgium,,,,,,,
420,C555273,22328,ROUND SNACK BOXES SET OF 4 FRUITS ,-2,6/1/11 16:33,2.95,12708,Germany,,,,,,,
421,564356,22662,LUNCH BAG DOLLY GIRL DESIGN,7,8/24/11 15:47,1.65,13969,United Kingdom,,,,,,,
422,558906,22662,LUNCH BAG DOLLY GIRL DESIGN,3,7/4/11 16:35,1.65,15555,United Kingdom,,,,,,,
423,545317,21061,PARTY INVITES FOOTBALL,3,3/1/11 14:14,1.63,,United Kingdom,,,,,,,
424,575063,22662,LUNCH BAG DOLLY GIRL DESIGN,1,11/8/11 12:32,1.65,16764,United Kingdom,,,,,,,
425,551345,22328,ROUND SNACK BOXES SET OF 4 FRUITS ,48,4/28/11 9:03,2.55,14646,Netherlands,,,,,,,
426,546438,22328,ROUND SNACK BOXES SET OF 4 FRUITS ,48,3/14/11 9:59,2.55,15125,United Kingdom,,,,,,,
427,540976,22662,LUNCH BAG DOLLY GIRL DESIGN,10,1/12/11 15:00,1.65,12652,France,,,,,,,
428,554275,21061,PARTY INVITES FOOTBALL,4,5/23/11 13:17,0.85,14903,United Kingdom,,,,,,,
429,559162,21061,PARTY INVITES FOOTBALL,1,7/6/11 16:29,0.83,,United Kingdom,,,,,,,
430,C555881,22328,ROUND SNACK BOXES SET OF 4 FRUITS ,-1,6/7/11 15:37,2.95,12473,Germany,,,,,,,
431,567196,22328,ROUND SNACK BOXES SET OF 4 FRUITS ,12,9/19/11 10:09,2.95,12379,Belgium,,,,,,,
432,561889,22662,LUNCH BAG DOLLY GIRL DESIGN,10,7/31/11 13:37,1.65,15804,United Kingdom,,,,,,,
433,547892,22328,ROUND SNACK BOXES SET OF 4 FRUITS ,6,3/28/11 10:15,2.95,12669,France,,,,,,,
434,541530,22328,ROUND SNACK BOXES SET OF 4 FRUITS ,6,1/19/11 10:56,2.95,14769,United Kingdom,,,,,,,
435,571328,22328,ROUND SNACK BOXES SET OF 4 FRUITS ,6,10/17/11 11:27,2.95,12473,Germany,,,,,,,
436,560711,22681,FRENCH BLUE METAL DOOR SIGN 6,2,7/20/11 12:58,1.25,17841,United Kingdom,,,,,,,
437,560571,22662,LUNCH BAG DOLLY GIRL DESIGN,20,7/19/11 14:29,1.65,17735,United Kingdom,,,,,,,
438,556494,22662,LUNCH BAG DOLLY GIRL DESIGN,3,6/12/11 14:57,1.65,17802,United Kingdom,,,,,,,
439,573130,22328,ROUND SNACK BOXES SET OF 4 FRUITS ,2,10/27/11 16:41,2.95,13969,United Kingdom,,,,,,,
440,570446,22328,ROUND SNACK BOXES SET OF 4 FRUITS ,12,10/10/11 14:49,2.95,12431,Belgium,,,,,,,
441,554465,22662,LUNCH BAG DOLLY GIRL DESIGN,10,5/24/11 12:36,1.65,13534,United Kingdom,,,,,,,
442,568103,22328,ROUND SNACK BOXES SET OF 4 FRUITS ,12,9/23/11 15:45,2.95,12518,Germany,,,,,,,
443,561507,22328,ROUND SNACK BOXES SET OF 4 FRUITS ,6,7/27/11 14:21,2.95,12397,Belgium,,,,,,,
444,543540,22662,LUNCH BAG DOLLY GIRL DESIGN,10,2/9/11 14:44,1.65,17412,United Kingdom,,,,,,,
445,565475,22662,LUNCH BAG DOLLY GIRL DESIGN,100,9/5/11 10:47,1.45,14156,EIRE,,,,,,,
446,549982,22662,LUNCH BAG DOLLY GIRL DESIGN,10,4/13/11 15:52,1.65,17091,United Kingdom,,,,,,,
447,542216,22662,LUNCH BAG DOLLY GIRL DESIGN,10,1/26/11 12:29,1.65,14911,EIRE,,,,,,,
448,554106,22662,LUNCH BAG DOLLY GIRL DESIGN,10,5/22/11 14:05,1.65,12710,Germany,,,,,,,
449,576394,22662,LUNCH BAG DOLLY GIRL DESIGN,100,11/15/11 10:32,1.45,12415,Australia,,,,,,,
450,564837,22662,LUNCH BAG DOLLY GIRL DESIGN,1,8/30/11 12:40,4.13,,United Kingdom,,,,,,,
451,548894,22662,LUNCH BAG DOLLY GIRL DESIGN,1,4/4/11 16:01,4.13,,United Kingdom,,,,,,,
452,567306,21061,PARTY INVITES FOOTBALL,48,9/19/11 13:32,0.85,12752,Norway,,,,,,,
453,561042,22662,LUNCH BAG DOLLY GIRL DESIGN,10,7/24/11 12:18,1.65,16305,United Kingdom,,,,,,,
454,550015,22662,LUNCH BAG DOLLY GIRL DESIGN,10,4/14/11 10:54,1.65,17735,United Kingdom,,,,,,,
455,570225,22328,ROUND SNACK BOXES SET OF 4 FRUITS ,1,10/9/11 13:15,2.95,16595,United Kingdom,,,,,,,
456,557263,22662,LUNCH BAG DOLLY GIRL DESIGN,100,6/19/11 11:08,1.45,14646,Netherlands,,,,,,,
457,559068,22662,LUNCH BAG DOLLY GIRL DESIGN,1,7/6/11 10:41,1.65,17841,United Kingdom,,,,,,,
458,559817,22681,FRENCH BLUE METAL DOOR SIGN 6,1,7/12/11 16:20,2.46,,United Kingdom,,,,,,,
459,540362,21061,PARTY INVITES FOOTBALL,4,1/6/11 15:42,0.85,13656,United Kingdom,,,,,,,
460,557263,22328,ROUND SNACK BOXES SET OF 4 FRUITS ,96,6/19/11 11:08,2.55,14646,Netherlands,,,,,,,
461,545901,22662,LUNCH BAG DOLLY GIRL DESIGN,1,3/7/11 17:52,1.65,15834,United Kingdom,,,,,,,
462,559549,22662,LUNCH BAG DOLLY GIRL DESIGN,1,7/10/11 15:25,1.65,13230,United Kingdom,,,,,,,
463,578814,22328,ROUND SNACK BOXES SET OF 4 FRUITS ,1,11/25/11 13:40,2.95,12748,United Kingdom,,,,,,,
464,552239,22662,LUNCH BAG DOLLY GIRL DESIGN,1,5/6/11 16:54,1.65,14056,United Kingdom,,,,,,,
465,552878,22328,ROUND SNACK BOXES SET OF 4 FRUITS ,12,5/12/11 9:54,2.95,12625,Germany,,,,,,,
466,537201,22328,ROUND SNACK BOXES SET OF 4 FRUITS ,12,12/5/10 14:19,2.95,12472,Germany,,,,,,,
467,564167,22662,LUNCH BAG DOLLY GIRL DESIGN,10,8/23/11 13:50,1.65,17735,United Kingdom,,,,,,,
468,554699,22328,ROUND SNACK BOXES SET OF 4 FRUITS ,12,5/26/11 9:17,2.95,12613,Germany,,,,,,,
469,549915,22681,FRENCH BLUE METAL DOOR SIGN 6,10,4/13/11 9:32,1.25,18231,United Kingdom,,,,,,,
470,542836,21061,PARTY INVITES FOOTBALL,3,2/1/11 11:31,0.85,16745,United Kingdom,,,,,,,
471,552333,22662,LUNCH BAG DOLLY GIRL DESIGN,4,5/9/11 10:38,1.65,15039,United Kingdom,,,,,,,
472,567280,22328,ROUND SNACK BOXES SET OF 4 FRUITS ,48,9/19/11 11:46,2.55,14646,Netherlands,,,,,,,
473,573411,22328,ROUND SNACK BOXES SET OF 4 FRUITS ,12,10/30/11 16:10,2.95,13870,United Kingdom,,,,,,,
474,575713,22328,ROUND SNACK BOXES SET OF 4 FRUITS ,6,11/10/11 17:49,2.95,13817,Germany,,,,,,,
475,562680,22662,LUNCH BAG DOLLY GIRL DESIGN,1,8/8/11 13:46,1.65,17954,United Kingdom,,,,,,,
476,557786,22662,LUNCH BAG DOLLY GIRL DESIGN,4,6/22/11 16:01,1.65,15550,United Kingdom,,,,,,,
477,544461,22681,FRENCH BLUE METAL DOOR SIGN 6,20,2/20/11 14:08,1.25,13744,United Kingdom,,,,,,,
478,557569,22328,ROUND SNACK BOXES SET OF 4 FRUITS ,12,6/21/11 10:46,2.95,12474,Germany,,,,,,,
479,564740,22328,ROUND SNACK BOXES SET OF 4 FRUITS ,1,8/28/11 14:39,2.95,14044,United Kingdom,,,,,,,
480,552337,22328,ROUND SNACK BOXES SET OF 4 FRUITS ,6,5/9/11 11:34,2.95,12621,Germany,,,,,,,
481,544934,22662,LUNCH BAG DOLLY GIRL DESIGN,10,2/25/11 9:01,1.65,13345,United Kingdom,,,,,,,
482,567280,22328,ROUND SNACK BOXES SET OF 4 FRUITS ,48,9/19/11 11:46,2.55,14646,Netherlands,,,,,,,
483,578041,22328,ROUND SNACK BOXES SET OF 4 FRUITS ,3,11/22/11 14:23,2.95,17338,United Kingdom,,,,,,,
484,538351,22328,ROUND SNACK BOXES SET OF 4 FRUITS ,1,12/10/10 15:17,6.77,,United Kingdom,,,,,,,
485,537250,22328,ROUND SNACK BOXES SET OF 4 FRUITS ,6,12/6/10 10:43,2.95,12708,Germany,,,,,,,
486,541115,22328,ROUND SNACK BOXES SET OF 4 FRUITS ,6,1/13/11 15:34,2.95,12578,Italy,,,,,,,
487,540648,22328,ROUND SNACK BOXES SET OF 4 FRUITS ,75,1/10/11 14:58,2.55,15061,United Kingdom,,,,,,,
488,549196,22328,ROUND SNACK BOXES SET OF 4 FRUITS ,6,4/7/11 10:33,2.95,14911,EIRE,,,,,,,
489,544933,22328,ROUND SNACK BOXES SET OF 4 FRUITS ,6,2/25/11 8:44,2.95,12633,Germany,,,,,,,
490,576648,22662,LUNCH BAG DOLLY GIRL DESIGN,30,11/16/11 10:32,1.65,14057,United Kingdom,,,,,,,
491,540995,22328,ROUND SNACK BOXES SET OF 4 FRUITS ,1,1/13/11 9:30,5.79,,United Kingdom,,,,,,,
492,580136,22328,ROUND SNACK BOXES SET OF 4 FRUITS ,1,12/1/11 19:42,2.95,17841,United Kingdom,,,,,,,
493,537362,84744,S/6 SEW ON CROCHET FLOWERS,3,12/6/10 12:34,1.25,17596,United Kingdom,,,,,,,
494,547685,22328,ROUND SNACK BOXES SET OF 4 FRUITS ,6,3/24/11 14:47,2.95,12408,Belgium,,,,,,,
495,541224,22328,ROUND SNACK BOXES SET OF 4 FRUITS ,12,1/14/11 14:45,2.95,12474,Germany,,,,,,,
496,543713,22328,ROUND SNACK BOXES SET OF 4 FRUITS ,2,2/11/11 11:46,4.13,,United Kingdom,,,,,,,
497,546972,22328,ROUND SNACK BOXES SET OF 4 FRUITS ,3,3/18/11 12:04,4.13,,United Kingdom,,,,,,,
498,558538,22662,LUNCH BAG DOLLY GIRL DESIGN,2,6/30/11 12:12,1.65,15005,United Kingdom,,,,,,,
499,573130,22328,ROUND SNACK BOXES SET OF 4 FRUITS ,2,10/27/11 16:41,2.95,13969,United Kingdom,,,,,,,
500,569332,22662,LUNCH BAG DOLLY GIRL DESIGN,1,10/3/11 13:46,1.65,12637,France,,,,,,,
501,550637,22662,LUNCH BAG DOLLY GIRL DESIGN,3,4/19/11 15:39,1.65,14415,United Kingdom,,,,,,,
502,545460,21061,PARTY INVITES FOOTBALL,1,3/2/11 17:33,0.85,13230,United Kingdom,,,,,,,
503,578463,22662,LUNCH BAG DOLLY GIRL DESIGN,10,11/24/11 12:30,1.65,12757,Portugal,,,,,,,
504,550207,21061,PARTY INVITES FOOTBALL,5,4/15/11 10:38,1.63,,United Kingdom,,,,,,,
505,552978,22662,LUNCH BAG DOLLY GIRL DESIGN,100,5/12/11 14:46,1.45,12590,Germany,,,,,,,
506,555245,22662,LUNCH BAG DOLLY GIRL DESIGN,10,6/1/11 14:12,1.65,14800,United Kingdom,,,,,,,
507,563013,22662,LUNCH BAG DOLLY GIRL DESIGN,10,8/11/11 12:01,1.65,12993,United Kingdom,,,,,,,
508,578143,22328,ROUND SNACK BOXES SET OF 4 FRUITS ,192,11/23/11 11:06,2.55,14646,Netherlands,,,,,,,
509,537144,22328,ROUND SNACK BOXES SET OF 4 FRUITS ,1,12/5/10 13:00,2.95,15880,United Kingdom,,,,,,,
510,542215,22328,ROUND SNACK BOXES SET OF 4 FRUITS ,12,1/26/11 12:27,2.95,12472,Germany,,,,,,,
511,564555,22328,ROUND SNACK BOXES SET OF 4 FRUITS ,1,8/25/11 19:45,2.95,12748,United Kingdom,,,,,,,
512,568577,22662,LUNCH BAG DOLLY GIRL DESIGN,10,9/28/11 9:41,1.65,15301,United Kingdom,,,,,,,
513,554106,21061,PARTY INVITES FOOTBALL,12,5/22/11 14:05,0.85,12710,Germany,,,,,,,
514,549586,22328,ROUND SNACK BOXES SET OF 4 FRUITS ,1,4/11/11 10:00,4.13,,United Kingdom,,,,,,,
515,549738,22328,ROUND SNACK BOXES SET OF 4 FRUITS ,30,4/12/11 9:28,2.95,,Hong Kong,,,,,,,
516,543546,22662,LUNCH BAG DOLLY GIRL DESIGN,1,2/9/11 16:52,4.13,,United Kingdom,,,,,,,
517,548993,22662,LUNCH BAG DOLLY GIRL DESIGN,100,4/5/11 13:56,1.45,12753,Japan,,,,,,,
518,553940,22662,LUNCH BAG DOLLY GIRL DESIGN,10,5/20/11 10:36,1.65,14112,United Kingdom,,,,,,,
519,542090,22662,LUNCH BAG DOLLY GIRL DESIGN,3,1/25/11 12:39,1.65,15518,United Kingdom,,,,,,,
520,555383,22662,LUNCH BAG DOLLY GIRL DESIGN,2,6/2/11 15:13,1.65,12517,Germany,,,,,,,
521,563404,22662,LUNCH BAG DOLLY GIRL DESIGN,20,8/16/11 11:04,1.65,16303,United Kingdom,,,,,,,
522,556243,22328,ROUND SNACK BOXES SET OF 4 FRUITS ,1,6/9/11 16:07,5.79,,United Kingdom,,,,,,,
523,544193,22328,ROUND SNACK BOXES SET OF 4 FRUITS ,6,2/17/11 8:23,2.95,12431,Belgium,,,,,,,
524,549234,22662,LUNCH BAG DOLLY GIRL DESIGN,1,4/7/11 11:12,1.65,16515,United Kingdom,,,,,,,
525,558067,22662,LUNCH BAG DOLLY GIRL DESIGN,10,6/24/11 15:51,1.65,14156,EIRE,,,,,,,
526,578534,22328,ROUND SNACK BOXES SET OF 4 FRUITS ,4,11/24/11 14:51,2.95,15725,United Kingdom,,,,,,,
527,572763,22328,ROUND SNACK BOXES SET OF 4 FRUITS ,6,10/26/11 9:54,2.95,12812,Japan,,,,,,,
528,546429,22662,LUNCH BAG DOLLY GIRL DESIGN,6,3/13/11 15:25,1.65,17611,United Kingdom,,,,,,,
529,541422,22681,FRENCH BLUE METAL DOOR SIGN 6,1,1/17/11 17:48,2.46,,United Kingdom,,,,,,,
530,575067,22328,ROUND SNACK BOXES SET OF 4 FRUITS ,12,11/8/11 12:45,2.95,12583,France,,,,,,,
531,578676,22328,ROUND SNACK BOXES SET OF 4 FRUITS ,2,11/24/11 19:07,2.95,16016,United Kingdom,,,,,,,
532,555536,22681,FRENCH BLUE METAL DOOR SIGN 6,10,6/5/11 12:28,1.25,17675,United Kingdom,,,,,,,
533,557569,22328,ROUND SNACK BOXES SET OF 4 FRUITS ,12,6/21/11 10:46,2.95,12474,Germany,,,,,,,
534,554512,22662,LUNCH BAG DOLLY GIRL DESIGN,1,5/24/11 15:54,4.13,,United Kingdom,,,,,,,
535,577613,22328,ROUND SNACK BOXES SET OF 4 FRUITS ,6,11/21/11 10:02,2.95,14911,EIRE,,,,,,,
536,539437,22662,LUNCH BAG DOLLY GIRL DESIGN,1,12/17/10 14:54,4.21,,United Kingdom,,,,,,,
537,539437,22662,LUNCH BAG DOLLY GIRL DESIGN,1,12/17/10 14:54,4.21,,United Kingdom,,,,,,,
538,562450,22662,LUNCH BAG DOLLY GIRL DESIGN,10,8/5/11 8:40,1.65,12562,France,,,,,,,
539,548011,22328,ROUND SNACK BOXES SET OF 4 FRUITS ,144,3/29/11 11:14,2.55,14646,Netherlands,,,,,,,
540,537638,84744,S/6 SEW ON CROCHET FLOWERS,1,12/7/10 15:28,2.51,,United Kingdom,,,,,,,
541,563026,22662,LUNCH BAG DOLLY GIRL DESIGN,1,8/11/11 14:04,1.65,15747,United Kingdom,,,,,,,
542,559693,22328,ROUND SNACK BOXES SET OF 4 FRUITS ,3,7/11/11 16:21,2.95,,United Kingdom,,,,,,,
543,544157,22328,ROUND SNACK BOXES SET OF 4 FRUITS ,6,2/16/11 12:46,2.95,12372,Denmark,,,,,,,
544,571105,22328,ROUND SNACK BOXES SET OF 4 FRUITS ,1,10/13/11 16:01,2.95,17614,United Kingdom,,,,,,,
545,569332,22662,LUNCH BAG DOLLY GIRL DESIGN,1,10/3/11 13:46,1.65,12637,France,,,,,,,
546,565475,22662,LUNCH BAG DOLLY GIRL DESIGN,100,9/5/11 10:47,1.45,14156,EIRE,,,,,,,
547,546950,22662,LUNCH BAG DOLLY GIRL DESIGN,1,3/18/11 11:24,1.65,16511,United Kingdom,,,,,,,
548,576774,22328,ROUND SNACK BOXES SET OF 4 FRUITS ,6,11/16/11 13:21,2.95,13131,United Kingdom,,,,,,,
549,550837,22662,LUNCH BAG DOLLY GIRL DESIGN,10,4/21/11 11:03,1.65,15034,United Kingdom,,,,,,,
550,552874,22328,ROUND SNACK BOXES SET OF 4 FRUITS ,6,5/12/11 9:40,2.95,12621,Germany,,,,,,,
551,572550,22328,ROUND SNACK BOXES SET OF 4 FRUITS ,2,10/24/11 17:06,5.79,,United Kingdom,,,,,,,
552,578317,22662,LUNCH BAG DOLLY GIRL DESIGN,10,11/23/11 16:47,1.65,15398,United Kingdom,,,,,,,
553,556526,22328,ROUND SNACK BOXES SET OF 4 FRUITS ,6,6/13/11 11:33,2.95,12732,France,,,,,,,
554,565803,22328,ROUND SNACK BOXES SET OF 4 FRUITS ,6,9/7/11 10:38,2.95,17735,United Kingdom,,,,,,,
555,574550,22662,LUNCH BAG DOLLY GIRL DESIGN,1,11/4/11 15:18,1.65,12484,Spain,,,,,,,
556,563920,22681,FRENCH BLUE METAL DOOR SIGN 6,3,8/21/11 14:00,1.25,16407,United Kingdom,,,,,,,
557,579792,22328,ROUND SNACK BOXES SET OF 4 FRUITS ,6,11/30/11 15:43,2.95,12714,France,,,,,,,
558,576191,22662,LUNCH BAG DOLLY GIRL DESIGN,2,11/14/11 11:54,1.65,17377,United Kingdom,,,,,,,
559,560688,22662,LUNCH BAG DOLLY GIRL DESIGN,1,7/20/11 11:54,1.65,16393,United Kingdom,,,,,,,
560,577613,22328,ROUND SNACK BOXES SET OF 4 FRUITS ,6,11/21/11 10:02,2.95,14911,EIRE,,,,,,,
561,577549,22662,LUNCH BAG DOLLY GIRL DESIGN,1,11/20/11 15:00,1.65,17841,United Kingdom,,,,,,,
562,558896,22662,LUNCH BAG DOLLY GIRL DESIGN,1,7/4/11 15:55,1.65,,United Kingdom,,,,,,,
563,547194,22328,ROUND SNACK BOXES SET OF 4 FRUITS ,6,3/21/11 12:42,2.95,12637,France,,,,,,,
564,578844,22662,LUNCH BAG DOLLY GIRL DESIGN,1,11/25/11 16:14,4.13,,United Kingdom,,,,,,,
565,576607,22328,ROUND SNACK BOXES SET OF 4 FRUITS ,6,11/15/11 15:42,2.95,12474,Germany,,,,,,,
566,580673,22662,LUNCH BAG DOLLY GIRL DESIGN,24,12/5/11 14:30,1.65,13089,United Kingdom,,,,,,,
567,564039,22328,ROUND SNACK BOXES SET OF 4 FRUITS ,24,8/22/11 12:40,2.95,12645,Germany,,,,,,,
568,553356,22662,LUNCH BAG DOLLY GIRL DESIGN,10,5/16/11 14:05,1.65,14038,United Kingdom,,,,,,,
569,560694,22662,LUNCH BAG DOLLY GIRL DESIGN,10,7/20/11 12:05,1.65,12757,Portugal,,,,,,,
570,536412,22662,LUNCH BAG DOLLY GIRL DESIGN,4,12/1/10 11:49,1.65,17920,United Kingdom,,,,,,,
571,554978,22662,LUNCH BAG DOLLY GIRL DESIGN,10,5/29/11 11:05,1.65,16889,United Kingdom,,,,,,,
572,544933,22328,ROUND SNACK BOXES SET OF 4 FRUITS ,6,2/25/11 8:44,2.95,12633,Germany,,,,,,,
573,551558,22662,LUNCH BAG DOLLY GIRL DESIGN,2,5/3/11 10:41,1.65,17841,United Kingdom,,,,,,,
574,561042,22662,LUNCH BAG DOLLY GIRL DESIGN,10,7/24/11 12:18,1.65,16305,United Kingdom,,,,,,,
575,547685,22328,ROUND SNACK BOXES SET OF 4 FRUITS ,6,3/24/11 14:47,2.95,12408,Belgium,,,,,,,
576,557055,22328,ROUND SNACK BOXES SET OF 4 FRUITS ,24,6/16/11 14:45,2.95,12621,Germany,,,,,,,
577,565232,22662,LUNCH BAG DOLLY GIRL DESIGN,2,9/2/11 9:30,4.13,,United Kingdom,,,,,,,
578,551005,21061,PARTY INVITES FOOTBALL,1,4/26/11 9:48,1.63,,United Kingdom,,,,,,,
579,563037,22328,ROUND SNACK BOXES SET OF 4 FRUITS ,6,8/11/11 15:02,2.95,12362,Belgium,,,,,,,
580,562166,22662,LUNCH BAG DOLLY GIRL DESIGN,10,8/3/11 12:10,1.65,13209,United Kingdom,,,,,,,
581,549568,22662,LUNCH BAG DOLLY GIRL DESIGN,10,4/10/11 15:09,1.65,15665,United Kingdom,,,,,,,
582,548612,22662,LUNCH BAG DOLLY GIRL DESIGN,10,4/1/11 11:34,1.65,13137,United Kingdom,,,,,,,
583,542369,22328,ROUND SNACK BOXES SET OF 4 FRUITS ,12,1/27/11 13:08,2.95,12645,Germany,,,,,,,
584,554497,22328,ROUND SNACK BOXES SET OF 4 FRUITS ,6,5/24/11 14:38,2.95,15819,United Kingdom,,,,,,,
585,554699,22328,ROUND SNACK BOXES SET OF 4 FRUITS ,12,5/26/11 9:17,2.95,12613,Germany,,,,,,,
586,580979,22328,ROUND SNACK BOXES SET OF 4 FRUITS ,6,12/6/11 15:40,2.95,12362,Belgium,,,,,,,
587,543474,22662,LUNCH BAG DOLLY GIRL DESIGN,4,2/8/11 15:09,1.65,14415,United Kingdom,,,,,,,
588,575923,22662,LUNCH BAG DOLLY GIRL DESIGN,10,11/11/11 17:11,1.65,17069,United Kingdom,,,,,,,
589,579792,22662,LUNCH BAG DOLLY GIRL DESIGN,10,11/30/11 15:43,1.65,12714,France,,,,,,,
590,564562,22662,LUNCH BAG DOLLY GIRL DESIGN,10,8/26/11 9:58,1.65,15203,United Kingdom,,,,,,,
591,555517,22328,ROUND SNACK BOXES SET OF 4 FRUITS ,6,6/5/11 10:54,2.95,13131,United Kingdom,,,,,,,
592,576463,22328,ROUND SNACK BOXES SET OF 4 FRUITS ,1,11/15/11 11:37,2.95,17974,United Kingdom,,,,,,,
593,557489,22328,ROUND SNACK BOXES SET OF 4 FRUITS ,6,6/20/11 14:58,2.95,12490,France,,,,,,,
594,558049,22328,ROUND SNACK BOXES SET OF 4 FRUITS ,1,6/24/11 14:16,2.95,15850,United Kingdom,,,,,,,
595,556526,22328,ROUND SNACK BOXES SET OF 4 FRUITS ,6,6/13/11 11:33,2.95,12732,France,,,,,,,
596,550740,22328,ROUND SNACK BOXES SET OF 4 FRUITS ,2,4/20/11 11:33,4.13,,United Kingdom,,,,,,,
597,563017,22328,ROUND SNACK BOXES SET OF 4 FRUITS ,6,8/11/11 12:48,2.95,13198,United Kingdom,,,,,,,
598,570667,22328,ROUND SNACK BOXES SET OF 4 FRUITS ,12,10/11/11 14:33,2.95,12362,Belgium,,,,,,,
599,578069,22662,LUNCH BAG DOLLY GIRL DESIGN,10,11/22/11 15:49,1.65,14329,United Kingdom,,,,,,,
600,547194,22328,ROUND SNACK BOXES SET OF 4 FRUITS ,6,3/21/11 12:42,2.95,12637,France,,,,,,,
601,539492,22662,LUNCH BAG DOLLY GIRL DESIGN,1,12/20/10 10:14,4.21,,United Kingdom,,,,,,,
602,551192,22662,LUNCH BAG DOLLY GIRL DESIGN,10,4/27/11 10:54,1.65,16188,United Kingdom,,,,,,,
603,C548731,22328,ROUND SNACK BOXES SET OF 4 FRUITS ,-624,4/4/11 10:12,2.55,12755,Japan,,,,,,,
604,552315,22662,LUNCH BAG DOLLY GIRL DESIGN,10,5/8/11 16:10,1.65,12700,France,,,,,,,
605,561507,22662,LUNCH BAG DOLLY GIRL DESIGN,10,7/27/11 14:21,1.65,12397,Belgium,,,,,,,
606,562968,22662,LUNCH BAG DOLLY GIRL DESIGN,10,8/11/11 10:55,1.65,14291,United Kingdom,,,,,,,
607,563697,22662,LUNCH BAG DOLLY GIRL DESIGN,3,8/18/11 13:44,1.65,16813,United Kingdom,,,,,,,
608,551958,22681,FRENCH BLUE METAL DOOR SIGN 6,10,5/5/11 12:37,1.25,13883,United Kingdom,,,,,,,
609,558904,22662,LUNCH BAG DOLLY GIRL DESIGN,1,7/4/11 16:18,4.13,,United Kingdom,,,,,,,
610,571824,22328,ROUND SNACK BOXES SET OF 4 FRUITS ,6,10/19/11 11:49,2.95,12472,Germany,,,,,,,
611,563688,22328,ROUND SNACK BOXES SET OF 4 FRUITS ,6,8/18/11 12:41,2.95,16767,United Kingdom,,,,,,,
612,555349,22328,ROUND SNACK BOXES SET OF 4 FRUITS ,1,6/2/11 12:08,2.95,16729,United Kingdom,,,,,,,
613,574056,22328,ROUND SNACK BOXES SET OF 4 FRUITS ,48,11/2/11 14:09,2.55,14646,Netherlands,,,,,,,
614,567165,22681,FRENCH BLUE METAL DOOR SIGN 6,1,9/18/11 11:58,1.25,17841,United Kingdom,,,,,,,
615,578509,22328,ROUND SNACK BOXES SET OF 4 FRUITS ,6,11/24/11 13:17,2.95,12705,Germany,,,,,,,
616,560233,22662,LUNCH BAG DOLLY GIRL DESIGN,2,7/17/11 11:10,1.65,16813,United Kingdom,,,,,,,
617,560398,22662,LUNCH BAG DOLLY GIRL DESIGN,30,7/18/11 14:10,1.65,12731,France,,,,,,,
618,579471,22328,ROUND SNACK BOXES SET OF 4 FRUITS ,2,11/29/11 15:08,4.13,,United Kingdom,,,,,,,
619,557644,22662,LUNCH BAG DOLLY GIRL DESIGN,1,6/21/11 17:06,4.13,,United Kingdom,,,,,,,
620,539488,22328,ROUND SNACK BOXES SET OF 4 FRUITS ,12,12/20/10 9:37,2.95,12377,Switzerland,,,,,,,
621,545683,22328,ROUND SNACK BOXES SET OF 4 FRUITS ,3,3/6/11 11:50,2.95,14903,United Kingdom,,,,,,,
622,557055,22328,ROUND SNACK BOXES SET OF 4 FRUITS ,24,6/16/11 14:45,2.95,12621,Germany,,,,,,,
623,553182,22662,LUNCH BAG DOLLY GIRL DESIGN,10,5/15/11 12:21,1.65,17107,United Kingdom,,,,,,,
624,548337,22662,LUNCH BAG DOLLY GIRL DESIGN,2,3/30/11 14:06,1.65,18198,United Kingdom,,,,,,,
625,554137,22328,ROUND SNACK BOXES SET OF 4 FRUITS ,12,5/23/11 10:13,2.95,12708,Germany,,,,,,,
626,564437,22328,ROUND SNACK BOXES SET OF 4 FRUITS ,6,8/25/11 12:10,2.95,13320,United Kingdom,,,,,,,
627,548276,22662,LUNCH BAG DOLLY GIRL DESIGN,10,3/30/11 11:39,1.65,17863,United Kingdom,,,,,,,
628,552874,22328,ROUND SNACK BOXES SET OF 4 FRUITS ,6,5/12/11 9:40,2.95,12621,Germany,,,,,,,
629,C562147,22328,ROUND SNACK BOXES SET OF 4 FRUITS ,-1,8/3/11 10:47,2.95,16180,United Kingdom,,,,,,,
630,563614,22662,LUNCH BAG DOLLY GIRL DESIGN,100,8/18/11 8:51,1.45,12415,Australia,,,,,,,
631,544586,22328,ROUND SNACK BOXES SET OF 4 FRUITS ,3,2/21/11 15:04,2.95,17338,United Kingdom,,,,,,,
632,556459,22328,ROUND SNACK BOXES SET OF 4 FRUITS ,1,6/10/11 17:25,5.79,,United Kingdom,,,,,,,
633,555572,22328,ROUND SNACK BOXES SET OF 4 FRUITS ,6,6/5/11 15:37,2.95,12449,Belgium,,,,,,,
634,538177,22662,LUNCH BAG DOLLY GIRL DESIGN,1,12/10/10 9:51,4.21,,United Kingdom,,,,,,,
635,566816,22662,LUNCH BAG DOLLY GIRL DESIGN,20,9/15/11 10:53,1.65,12731,France,,,,,,,
636,542538,22662,LUNCH BAG DOLLY GIRL DESIGN,10,1/28/11 13:54,1.65,15079,United Kingdom,,,,,,,
637,576447,22662,LUNCH BAG DOLLY GIRL DESIGN,10,11/15/11 11:30,1.65,13949,United Kingdom,,,,,,,
638,569332,22662,LUNCH BAG DOLLY GIRL DESIGN,1,10/3/11 13:46,1.65,12637,France,,,,,,,
639,569144,22328,ROUND SNACK BOXES SET OF 4 FRUITS ,5,9/30/11 15:14,2.95,17227,United Kingdom,,,,,,,
640,562537,22328,ROUND SNACK BOXES SET OF 4 FRUITS ,6,8/5/11 15:02,2.95,12517,Germany,,,,,,,
641,548511,22328,ROUND SNACK BOXES SET OF 4 FRUITS ,1,3/31/11 15:43,2.95,14056,United Kingdom,,,,,,,
642,553162,22681,FRENCH BLUE METAL DOOR SIGN 6,1,5/13/11 15:53,2.46,,United Kingdom,,,,,,,
643,560445,22662,LUNCH BAG DOLLY GIRL DESIGN,100,7/19/11 9:08,1.45,14156,EIRE,,,,,,,
644,562450,22662,LUNCH BAG DOLLY GIRL DESIGN,10,8/5/11 8:40,1.65,12562,France,,,,,,,
645,580126,22662,LUNCH BAG DOLLY GIRL DESIGN,10,12/1/11 17:20,1.65,12562,France,,,,,,,
646,537955,22328,ROUND SNACK BOXES SET OF 4 FRUITS ,2,12/9/10 11:28,2.95,16782,United Kingdom,,,,,,,
647,569467,22662,LUNCH BAG DOLLY GIRL DESIGN,10,10/4/11 11:44,1.65,14291,United Kingdom,,,,,,,
648,558904,22662,LUNCH BAG DOLLY GIRL DESIGN,1,7/4/11 16:18,4.13,,United Kingdom,,,,,,,
649,551278,22328,ROUND SNACK BOXES SET OF 4 FRUITS ,12,4/27/11 13:13,2.95,12483,Sweden,,,,,,,
650,553189,22662,LUNCH BAG DOLLY GIRL DESIGN,1,5/15/11 13:14,1.65,15033,United Kingdom,,,,,,,
651,542344,22662,LUNCH BAG DOLLY GIRL DESIGN,1,1/27/11 11:30,4.13,,United Kingdom,,,,,,,
652,580397,22662,LUNCH BAG DOLLY GIRL DESIGN,2,12/4/11 11:24,1.65,13558,United Kingdom,,,,,,,
653,550145,22662,LUNCH BAG DOLLY GIRL DESIGN,10,4/14/11 14:15,1.65,12637,France,,,,,,,
654,552333,22662,LUNCH BAG DOLLY GIRL DESIGN,4,5/9/11 10:38,1.65,15039,United Kingdom,,,,,,,
655,551346,22662,LUNCH BAG DOLLY GIRL DESIGN,10,4/28/11 9:12,1.65,12362,Belgium,,,,,,,
656,564716,22662,LUNCH BAG DOLLY GIRL DESIGN,4,8/28/11 11:02,1.65,14810,United Kingdom,,,,,,,
657,545842,22662,LUNCH BAG DOLLY GIRL DESIGN,10,3/7/11 13:37,1.65,15498,United Kingdom,,,,,,,
658,541570,22328,ROUND SNACK BOXES SET OF 4 FRUITS ,192,1/19/11 12:34,2.55,14646,Netherlands,,,,,,,
659,570211,22681,FRENCH BLUE METAL DOOR SIGN 6,1,10/9/11 11:15,1.25,13558,United Kingdom,,,,,,,
660,574056,22328,ROUND SNACK BOXES SET OF 4 FRUITS ,48,11/2/11 14:09,2.55,14646,Netherlands,,,,,,,
661,549789,22662,LUNCH BAG DOLLY GIRL DESIGN,10,4/12/11 12:00,1.65,17160,United Kingdom,,,,,,,
662,557962,22681,FRENCH BLUE METAL DOOR SIGN 6,10,6/24/11 9:22,1.25,13709,United Kingdom,,,,,,,
663,567196,22328,ROUND SNACK BOXES SET OF 4 FRUITS ,12,9/19/11 10:09,2.95,12379,Belgium,,,,,,,
664,549682,22328,ROUND SNACK BOXES SET OF 4 FRUITS ,6,4/11/11 13:22,2.95,12596,Spain,,,,,,,
665,568567,22662,LUNCH BAG DOLLY GIRL DESIGN,1,9/27/11 18:41,4.13,,United Kingdom,,,,,,,
666,561507,22662,LUNCH BAG DOLLY GIRL DESIGN,10,7/27/11 14:21,1.65,12397,Belgium,,,,,,,
667,545523,22328,ROUND SNACK BOXES SET OF 4 FRUITS ,1,3/3/11 12:41,2.95,14524,United Kingdom,,,,,,,
668,554992,22328,ROUND SNACK BOXES SET OF 4 FRUITS ,1,5/29/11 14:08,2.95,16686,United Kingdom,,,,,,,
669,560273,22662,LUNCH BAG DOLLY GIRL DESIGN,10,7/17/11 14:59,1.65,14895,United Kingdom,,,,,,,
670,567530,22328,ROUND SNACK BOXES SET OF 4 FRUITS ,6,9/21/11 9:33,2.95,12390,Belgium,,,,,,,
671,558906,22662,LUNCH BAG DOLLY GIRL DESIGN,3,7/4/11 16:35,1.65,15555,United Kingdom,,,,,,,
672,576927,22328,ROUND SNACK BOXES SET OF 4 FRUITS ,6,11/17/11 11:02,2.95,12567,France,,,,,,,
673,543096,22662,LUNCH BAG DOLLY GIRL DESIGN,1,2/3/11 11:39,1.65,14044,United Kingdom,,,,,,,
674,578017,22328,ROUND SNACK BOXES SET OF 4 FRUITS ,1,11/22/11 13:07,2.95,13569,United Kingdom,,,,,,,
675,577046,22328,ROUND SNACK BOXES SET OF 4 FRUITS ,6,11/17/11 13:46,2.95,12449,Belgium,,,,,,,
676,545159,22662,LUNCH BAG DOLLY GIRL DESIGN,1,2/28/11 13:31,1.65,12748,United Kingdom,,,,,,,
677,578347,22681,FRENCH BLUE METAL DOOR SIGN 6,1,11/24/11 9:26,2.46,,United Kingdom,,,,,,,
678,579492,22328,ROUND SNACK BOXES SET OF 4 FRUITS ,24,11/29/11 15:23,2.95,12670,France,,,,,,,
679,550342,22662,LUNCH BAG DOLLY GIRL DESIGN,10,4/17/11 15:55,1.65,13018,United Kingdom,,,,,,,
680,559521,22662,LUNCH BAG DOLLY GIRL DESIGN,10,7/8/11 16:26,1.65,,Unspecified,,,,,,,
681,557406,22662,LUNCH BAG DOLLY GIRL DESIGN,2,6/20/11 11:30,1.65,15747,United Kingdom,,,,,,,
682,552769,22662,LUNCH BAG DOLLY GIRL DESIGN,1,5/11/11 11:47,1.65,16241,United Kingdom,,,,,,,
683,552731,22328,ROUND SNACK BOXES SET OF 4 FRUITS ,24,5/11/11 10:43,2.95,12372,Denmark,,,,,,,
684,558063,21061,PARTY INVITES FOOTBALL,4,6/24/11 15:28,0.85,16395,United Kingdom,,,,,,,
685,540458,84744,S/6 SEW ON CROCHET FLOWERS,12,1/7/11 12:28,1.25,12501,Germany,,,,,,,
686,578033,22328,ROUND SNACK BOXES SET OF 4 FRUITS ,6,11/22/11 13:42,2.95,12656,France,,,,,,,
687,560359,22328,ROUND SNACK BOXES SET OF 4 FRUITS ,1,7/18/11 11:47,2.95,14159,United Kingdom,,,,,,,
688,543387,22328,ROUND SNACK BOXES SET OF 4 FRUITS ,48,2/8/11 9:41,2.55,14646,Netherlands,,,,,,,
689,562934,22662,LUNCH BAG DOLLY GIRL DESIGN,2,8/10/11 16:56,4.13,,United Kingdom,,,,,,,
690,554978,22662,LUNCH BAG DOLLY GIRL DESIGN,10,5/29/11 11:05,1.65,16889,United Kingdom,,,,,,,
691,574328,22662,LUNCH BAG DOLLY GIRL DESIGN,20,11/4/11 9:05,1.65,13081,United Kingdom,,,,,,,
692,575957,21061,PARTY INVITES FOOTBALL,1,11/13/11 12:19,0.85,13170,United Kingdom,,,,,,,
693,545084,22662,LUNCH BAG DOLLY GIRL DESIGN,10,2/28/11 10:55,1.65,12458,Switzerland,,,,,,,
694,562888,22662,LUNCH BAG DOLLY GIRL DESIGN,10,8/10/11 11:58,1.65,14388,United Kingdom,,,,,,,
695,C555935,22328,ROUND SNACK BOXES SET OF 4 FRUITS ,-6,6/8/11 9:14,2.95,12567,France,,,,,,,
696,537047,22662,LUNCH BAG DOLLY GIRL DESIGN,4,12/5/10 11:02,1.65,13069,United Kingdom,,,,,,,
697,578069,22662,LUNCH BAG DOLLY GIRL DESIGN,10,11/22/11 15:49,1.65,14329,United Kingdom,,,,,,,
698,565475,22662,LUNCH BAG DOLLY GIRL DESIGN,100,9/5/11 10:47,1.45,14156,EIRE,,,,,,,
699,568411,22328,ROUND SNACK BOXES SET OF 4 FRUITS ,6,9/27/11 10:52,4.13,,United Kingdom,,,,,,,
700,556526,22328,ROUND SNACK BOXES SET OF 4 FRUITS ,6,6/13/11 11:33,2.95,12732,France,,,,,,,
701,555002,22662,LUNCH BAG DOLLY GIRL DESIGN,10,5/31/11 8:50,1.65,17682,United Kingdom,,,,,,,
702,575640,22328,ROUND SNACK BOXES SET OF 4 FRUITS ,1,11/10/11 14:01,2.95,13148,United Kingdom,,,,,,,
703,563477,22662,LUNCH BAG DOLLY GIRL DESIGN,2,8/16/11 15:39,1.65,17097,Spain,,,,,,,
704,544299,22328,ROUND SNACK BOXES SET OF 4 FRUITS ,6,2/17/11 12:55,2.95,13178,United Kingdom,,,,,,,
705,543188,22662,LUNCH BAG DOLLY GIRL DESIGN,10,2/4/11 11:45,1.65,12567,France,,,,,,,
706,563549,22681,FRENCH BLUE METAL DOOR SIGN 6,1,8/17/11 12:34,2.46,,United Kingdom,,,,,,,
707,542538,22662,LUNCH BAG DOLLY GIRL DESIGN,10,1/28/11 13:54,1.65,15079,United Kingdom,,,,,,,
708,555572,22328,ROUND SNACK BOXES SET OF 4 FRUITS ,6,6/5/11 15:37,2.95,12449,Belgium,,,,,,,
709,556781,22328,ROUND SNACK BOXES SET OF 4 FRUITS ,6,6/14/11 12:47,2.95,13384,United Kingdom,,,,,,,
710,547892,22662,LUNCH BAG DOLLY GIRL DESIGN,10,3/28/11 10:15,1.65,12669,France,,,,,,,
711,551650,22662,LUNCH BAG DOLLY GIRL DESIGN,10,5/3/11 12:02,1.65,13089,United Kingdom,,,,,,,
712,559989,22328,ROUND SNACK BOXES SET OF 4 FRUITS ,6,7/14/11 12:21,2.95,13319,United Kingdom,,,,,,,
713,545988,22328,ROUND SNACK BOXES SET OF 4 FRUITS ,6,3/8/11 12:52,2.95,12662,Germany,,,,,,,
714,565865,22662,LUNCH BAG DOLLY GIRL DESIGN,10,9/7/11 15:07,1.65,12637,France,,,,,,,
715,557330,22662,LUNCH BAG DOLLY GIRL DESIGN,10,6/20/11 10:20,1.65,14291,United Kingdom,,,,,,,
716,550997,22662,LUNCH BAG DOLLY GIRL DESIGN,10,4/26/11 9:04,1.65,17735,United Kingdom,,,,,,,
717,563903,22662,LUNCH BAG DOLLY GIRL DESIGN,5,8/21/11 11:15,1.65,17068,United Kingdom,,,,,,,
718,560398,22662,LUNCH BAG DOLLY GIRL DESIGN,30,7/18/11 14:10,1.65,12731,France,,,,,,,
719,574707,22662,LUNCH BAG DOLLY GIRL DESIGN,20,11/6/11 14:08,1.65,17107,United Kingdom,,,,,,,
720,563749,22328,ROUND SNACK BOXES SET OF 4 FRUITS ,6,8/19/11 10:10,2.95,12360,Austria,,,,,,,
721,562846,22328,ROUND SNACK BOXES SET OF 4 FRUITS ,14,8/10/11 9:29,4.13,,United Kingdom,,,,,,,
722,575932,22662,LUNCH BAG DOLLY GIRL DESIGN,10,11/13/11 10:35,1.65,16923,United Kingdom,,,,,,,
723,562034,22328,ROUND SNACK BOXES SET OF 4 FRUITS ,6,8/2/11 9:14,2.95,12449,Belgium,,,,,,,
724,541516,22681,FRENCH BLUE METAL DOOR SIGN 6,1,1/18/11 17:34,2.46,,United Kingdom,,,,,,,
725,540480,22328,ROUND SNACK BOXES SET OF 4 FRUITS ,12,1/7/11 15:27,2.95,12480,Germany,,,,,,,
726,573584,22328,ROUND SNACK BOXES SET OF 4 FRUITS ,12,10/31/11 14:36,2.95,16705,United Kingdom,,,,,,,
727,543111,22662,LUNCH BAG DOLLY GIRL DESIGN,1,2/3/11 12:44,1.65,15719,United Kingdom,,,,,,,
728,541115,22328,ROUND SNACK BOXES SET OF 4 FRUITS ,6,1/13/11 15:34,2.95,12578,Italy,,,,,,,
729,546771,22681,FRENCH BLUE METAL DOOR SIGN 6,3,3/16/11 15:19,1.25,17515,United Kingdom,,,,,,,
730,554106,22662,LUNCH BAG DOLLY GIRL DESIGN,10,5/22/11 14:05,1.65,12710,Germany,,,,,,,
731,550500,22681,FRENCH BLUE METAL DOOR SIGN 6,1,4/18/11 15:26,2.46,,United Kingdom,,,,,,,
732,562980,22662,LUNCH BAG DOLLY GIRL DESIGN,10,8/11/11 11:44,1.65,17686,United Kingdom,,,,,,,
733,567196,22328,ROUND SNACK BOXES SET OF 4 FRUITS ,12,9/19/11 10:09,2.95,12379,Belgium,,,,,,,
734,566571,22662,LUNCH BAG DOLLY GIRL DESIGN,10,9/13/11 12:49,1.65,17037,United Kingdom,,,,,,,
735,574550,22662,LUNCH BAG DOLLY GIRL DESIGN,1,11/4/11 15:18,1.65,12484,Spain,,,,,,,
736,544193,22328,ROUND SNACK BOXES SET OF 4 FRUITS ,6,2/17/11 8:23,2.95,12431,Belgium,,,,,,,
737,543713,22328,ROUND SNACK BOXES SET OF 4 FRUITS ,2,2/11/11 11:46,4.13,,United Kingdom,,,,,,,
738,542836,21061,PARTY INVITES FOOTBALL,3,2/1/11 11:31,0.85,16745,United Kingdom,,,,,,,
739,554356,22328,ROUND SNACK BOXES SET OF 4 FRUITS ,12,5/24/11 9:25,2.95,12670,France,,,,,,,
740,556484,22328,ROUND SNACK BOXES SET OF 4 FRUITS ,1,6/12/11 13:17,2.95,16938,United Kingdom,,,,,,,
741,548203,22662,LUNCH BAG DOLLY GIRL DESIGN,63,3/29/11 16:40,4.95,,United Kingdom,,,,,,,
742,540414,22328,ROUND SNACK BOXES SET OF 4 FRUITS ,6,1/7/11 10:32,2.95,12481,Germany,,,,,,,
743,537434,22662,LUNCH BAG DOLLY GIRL DESIGN,1,12/6/10 16:57,4.21,,United Kingdom,,,,,,,
744,572451,22681,FRENCH BLUE METAL DOOR SIGN 6,10,10/24/11 12:36,1.25,12921,United Kingdom,,,,,,,
745,557569,22328,ROUND SNACK BOXES SET OF 4 FRUITS ,12,6/21/11 10:46,2.95,12474,Germany,,,,,,,
746,572651,22662,LUNCH BAG DOLLY GIRL DESIGN,10,10/25/11 12:06,1.65,17350,United Kingdom,,,,,,,
747,544450,22328,ROUND SNACK BOXES SET OF 4 FRUITS ,3,2/20/11 12:23,2.95,17811,United Kingdom,,,,,,,
748,553997,22662,LUNCH BAG DOLLY GIRL DESIGN,30,5/20/11 11:34,1.65,12656,France,,,,,,,
749,541130,22681,FRENCH BLUE METAL DOOR SIGN 6,2,1/14/11 10:15,2.46,,United Kingdom,,,,,,,
750,575067,22328,ROUND SNACK BOXES SET OF 4 FRUITS ,12,11/8/11 12:45,2.95,12583,France,,,,,,,
751,561359,22662,LUNCH BAG DOLLY GIRL DESIGN,10,7/26/11 15:29,1.65,17160,United Kingdom,,,,,,,
752,578844,22328,ROUND SNACK BOXES SET OF 4 FRUITS ,1,11/25/11 16:14,5.79,,United Kingdom,,,,,,,
753,557263,22662,LUNCH BAG DOLLY GIRL DESIGN,100,6/19/11 11:08,1.45,14646,Netherlands,,,,,,,
754,580727,22681,FRENCH BLUE METAL DOOR SIGN 6,1,12/5/11 17:17,2.46,14096,United Kingdom,,,,,,,
755,557525,21061,PARTY INVITES FOOTBALL,12,6/21/11 9:26,0.85,12759,Netherlands,,,,,,,
756,543546,22662,LUNCH BAG DOLLY GIRL DESIGN,1,2/9/11 16:52,4.13,,United Kingdom,,,,,,,
757,555937,22328,ROUND SNACK BOXES SET OF 4 FRUITS ,6,6/8/11 9:39,2.95,12683,France,,,,,,,
758,570871,22662,LUNCH BAG DOLLY GIRL DESIGN,1,10/12/11 16:36,4.13,,United Kingdom,,,,,,,
759,572726,22662,LUNCH BAG DOLLY GIRL DESIGN,4,10/25/11 15:19,1.65,16056,United Kingdom,,,,,,,
760,552731,22328,ROUND SNACK BOXES SET OF 4 FRUITS ,24,5/11/11 10:43,2.95,12372,Denmark,,,,,,,
761,558195,22662,LUNCH BAG DOLLY GIRL DESIGN,10,6/27/11 12:32,1.65,17735,United Kingdom,,,,,,,
762,552295,22328,ROUND SNACK BOXES SET OF 4 FRUITS ,1,5/8/11 14:08,2.95,14224,United Kingdom,,,,,,,
763,560694,22662,LUNCH BAG DOLLY GIRL DESIGN,10,7/20/11 12:05,1.65,12757,Portugal,,,,,,,
764,563555,22662,LUNCH BAG DOLLY GIRL DESIGN,2,8/17/11 13:21,1.65,16755,United Kingdom,,,,,,,
765,571705,22328,ROUND SNACK BOXES SET OF 4 FRUITS ,6,10/18/11 15:22,2.95,12360,Austria,,,,,,,
766,553766,22681,FRENCH BLUE METAL DOOR SIGN 6,1,5/19/11 10:44,2.46,,United Kingdom,,,,,,,
767,558367,22328,ROUND SNACK BOXES SET OF 4 FRUITS ,3,6/28/11 15:31,2.95,16550,United Kingdom,,,,,,,
768,566816,22662,LUNCH BAG DOLLY GIRL DESIGN,20,9/15/11 10:53,1.65,12731,France,,,,,,,
769,543539,22328,ROUND SNACK BOXES SET OF 4 FRUITS ,3,2/9/11 14:18,2.95,17757,United Kingdom,,,,,,,
770,567280,22328,ROUND SNACK BOXES SET OF 4 FRUITS ,48,9/19/11 11:46,2.55,14646,Netherlands,,,,,,,
771,557057,22662,LUNCH BAG DOLLY GIRL DESIGN,20,6/16/11 14:46,1.65,16843,United Kingdom,,,,,,,
772,578519,22328,ROUND SNACK BOXES SET OF 4 FRUITS ,1,11/24/11 13:56,2.95,14591,United Kingdom,,,,,,,
773,552262,21061,PARTY INVITES FOOTBALL,12,5/8/11 11:37,0.85,14911,EIRE,,,,,,,
774,540821,22681,FRENCH BLUE METAL DOOR SIGN 6,1,1/11/11 13:16,2.51,,United Kingdom,,,,,,,
775,554132,22328,ROUND SNACK BOXES SET OF 4 FRUITS ,6,5/23/11 9:43,2.95,12360,Austria,,,,,,,
776,545412,22328,ROUND SNACK BOXES SET OF 4 FRUITS ,15,3/2/11 12:24,2.55,15061,United Kingdom,,,,,,,
777,551533,22328,ROUND SNACK BOXES SET OF 4 FRUITS ,1,5/1/11 14:58,2.95,15407,United Kingdom,,,,,,,
778,555937,22328,ROUND SNACK BOXES SET OF 4 FRUITS ,6,6/8/11 9:39,2.95,12683,France,,,,,,,
779,559557,22662,LUNCH BAG DOLLY GIRL DESIGN,10,7/11/11 10:33,1.65,17444,Canada,,,,,,,
780,560891,22662,LUNCH BAG DOLLY GIRL DESIGN,10,7/21/11 17:02,1.65,15106,United Kingdom,,,,,,,
781,563920,22681,FRENCH BLUE METAL DOOR SIGN 6,3,8/21/11 14:00,1.25,16407,United Kingdom,,,,,,,
782,565232,22662,LUNCH BAG DOLLY GIRL DESIGN,2,9/2/11 9:30,4.13,,United Kingdom,,,,,,,
783,571240,22662,LUNCH BAG DOLLY GIRL DESIGN,10,10/14/11 14:55,1.65,12562,France,,,,,,,
784,578347,22681,FRENCH BLUE METAL DOOR SIGN 6,1,11/24/11 9:26,2.46,,United Kingdom,,,,,,,
785,552315,22662,LUNCH BAG DOLLY GIRL DESIGN,10,5/8/11 16:10,1.65,12700,France,,,,,,,
786,544824,22328,ROUND SNACK BOXES SET OF 4 FRUITS ,6,2/24/11 9:32,2.95,17139,United Kingdom,,,,,,,
787,559893,22662,LUNCH BAG DOLLY GIRL DESIGN,10,7/13/11 12:06,1.65,14498,United Kingdom,,,,,,,
788,567530,22328,ROUND SNACK BOXES SET OF 4 FRUITS ,6,9/21/11 9:33,2.95,12390,Belgium,,,,,,,
789,546156,22662,LUNCH BAG DOLLY GIRL DESIGN,10,3/10/11 8:31,1.65,14297,United Kingdom,,,,,,,
790,563288,22662,LUNCH BAG DOLLY GIRL DESIGN,20,8/15/11 12:53,1.65,12656,France,,,,,,,
791,550471,21061,PARTY INVITES FOOTBALL,1,4/18/11 13:52,1.63,,United Kingdom,,,,,,,
792,554955,22662,LUNCH BAG DOLLY GIRL DESIGN,10,5/27/11 14:55,1.65,17412,United Kingdom,,,,,,,
793,539446,22328,ROUND SNACK BOXES SET OF 4 FRUITS ,6,12/17/10 15:58,2.95,12705,Germany,,,,,,,
794,551995,22328,ROUND SNACK BOXES SET OF 4 FRUITS ,1,5/5/11 15:42,5.79,,United Kingdom,,,,,,,
795,554106,22662,LUNCH BAG DOLLY GIRL DESIGN,10,5/22/11 14:05,1.65,12710,Germany,,,,,,,
796,567074,22662,LUNCH BAG DOLLY GIRL DESIGN,5,9/16/11 12:22,1.65,17068,United Kingdom,,,,,,,
797,566495,22328,ROUND SNACK BOXES SET OF 4 FRUITS ,2,9/13/11 11:14,2.95,15529,United Kingdom,,,,,,,
798,552262,21061,PARTY INVITES FOOTBALL,12,5/8/11 11:37,0.85,14911,EIRE,,,,,,,
799,558746,22662,LUNCH BAG DOLLY GIRL DESIGN,6,7/1/11 17:23,1.65,14415,United Kingdom,,,,,,,
800,563037,22328,ROUND SNACK BOXES SET OF 4 FRUITS ,6,8/11/11 15:02,2.95,12362,Belgium,,,,,,,
801,548198,22662,LUNCH BAG DOLLY GIRL DESIGN,3,3/29/11 16:05,1.65,16712,United Kingdom,,,,,,,
802,545317,21061,PARTY INVITES FOOTBALL,3,3/1/11 14:14,1.63,,United Kingdom,,,,,,,
803,565475,22662,LUNCH BAG DOLLY GIRL DESIGN,100,9/5/11 10:47,1.45,14156,EIRE,,,,,,,
804,575739,22662,LUNCH BAG DOLLY GIRL DESIGN,1,11/11/11 9:05,4.13,,United Kingdom,,,,,,,
805,563189,22328,ROUND SNACK BOXES SET OF 4 FRUITS ,6,8/12/11 15:22,2.95,12682,France,,,,,,,
806,562779,22662,LUNCH BAG DOLLY GIRL DESIGN,2,8/9/11 12:58,1.65,17841,United Kingdom,,,,,,,
807,575331,22662,LUNCH BAG DOLLY GIRL DESIGN,10,11/9/11 13:52,1.65,13209,United Kingdom,,,,,,,
808,570667,22662,LUNCH BAG DOLLY GIRL DESIGN,20,10/11/11 14:33,1.65,12362,Belgium,,,,,,,
809,554106,22662,LUNCH BAG DOLLY GIRL DESIGN,10,5/22/11 14:05,1.65,12710,Germany,,,,,,,
810,539492,22662,LUNCH BAG DOLLY GIRL DESIGN,1,12/20/10 10:14,4.21,,United Kingdom,,,,,,,
811,538351,22328,ROUND SNACK BOXES SET OF 4 FRUITS ,1,12/10/10 15:17,6.77,,United Kingdom,,,,,,,
812,561797,22328,ROUND SNACK BOXES SET OF 4 FRUITS ,12,7/29/11 13:37,2.95,13178,United Kingdom,,,,,,,
813,575144,22328,ROUND SNACK BOXES SET OF 4 FRUITS ,6,11/8/11 15:38,2.95,12540,Spain,,,,,,,
814,543539,22328,ROUND SNACK BOXES SET OF 4 FRUITS ,3,2/9/11 14:18,2.95,17757,United Kingdom,,,,,,,
815,569332,22328,ROUND SNACK BOXES SET OF 4 FRUITS ,1,10/3/11 13:46,2.95,12637,France,,,,,,,
816,567183,22662,LUNCH BAG DOLLY GIRL DESIGN,2,9/18/11 15:32,1.65,14769,United Kingdom,,,,,,,
817,580025,22662,LUNCH BAG DOLLY GIRL DESIGN,1,12/1/11 11:53,1.65,15021,United Kingdom,,,,,,,
818,553044,22328,ROUND SNACK BOXES SET OF 4 FRUITS ,6,5/13/11 9:24,2.95,12682,France,,,,,,,
819,558262,22328,ROUND SNACK BOXES SET OF 4 FRUITS ,48,6/28/11 8:45,2.55,14646,Netherlands,,,,,,,
820,564473,22662,LUNCH BAG DOLLY GIRL DESIGN,10,8/25/11 12:33,1.65,16722,United Kingdom,,,,,,,
821,566930,22662,LUNCH BAG DOLLY GIRL DESIGN,10,9/15/11 15:26,1.65,15417,United Kingdom,,,,,,,
822,544824,22328,ROUND SNACK BOXES SET OF 4 FRUITS ,6,2/24/11 9:32,2.95,17139,United Kingdom,,,,,,,
823,571705,22328,ROUND SNACK BOXES SET OF 4 FRUITS ,6,10/18/11 15:22,2.95,12360,Austria,,,,,,,
824,551812,22328,ROUND SNACK BOXES SET OF 4 FRUITS ,6,5/4/11 11:39,2.95,15527,United Kingdom,,,,,,,
825,557489,22328,ROUND SNACK BOXES SET OF 4 FRUITS ,6,6/20/11 14:58,2.95,12490,France,,,,,,,
826,581193,22662,LUNCH BAG DOLLY GIRL DESIGN,1,12/7/11 17:05,1.65,17097,Spain,,,,,,,
827,566495,21061,PARTY INVITES FOOTBALL,4,9/13/11 11:14,0.85,15529,United Kingdom,,,,,,,
828,559369,22328,ROUND SNACK BOXES SET OF 4 FRUITS ,6,7/8/11 10:00,2.95,14388,United Kingdom,,,,,,,
829,557886,22328,ROUND SNACK BOXES SET OF 4 FRUITS ,3,6/23/11 13:39,2.95,17799,United Kingdom,,,,,,,
830,552543,22662,LUNCH BAG DOLLY GIRL DESIGN,10,5/10/11 10:22,1.65,12399,Belgium,,,,,,,
831,537050,22662,LUNCH BAG DOLLY GIRL DESIGN,10,12/5/10 11:10,1.65,14800,United Kingdom,,,,,,,
832,548993,22662,LUNCH BAG DOLLY GIRL DESIGN,100,4/5/11 13:56,1.45,12753,Japan,,,,,,,
833,563538,22662,LUNCH BAG DOLLY GIRL DESIGN,1,8/17/11 11:48,1.65,17841,United Kingdom,,,,,,,
834,547685,22328,ROUND SNACK BOXES SET OF 4 FRUITS ,6,3/24/11 14:47,2.95,12408,Belgium,,,,,,,
835,552978,22662,LUNCH BAG DOLLY GIRL DESIGN,100,5/12/11 14:46,1.45,12590,Germany,,,,,,,
836,553387,22328,ROUND SNACK BOXES SET OF 4 FRUITS ,1,5/16/11 16:33,5.79,,United Kingdom,,,,,,,
837,544824,22662,LUNCH BAG DOLLY GIRL DESIGN,10,2/24/11 9:32,1.65,17139,United Kingdom,,,,,,,
838,548993,22662,LUNCH BAG DOLLY GIRL DESIGN,100,4/5/11 13:56,1.45,12753,Japan,,,,,,,
839,550464,22328,ROUND SNACK BOXES SET OF 4 FRUITS ,3,4/18/11 13:30,2.95,16550,United Kingdom,,,,,,,
840,546524,22328,ROUND SNACK BOXES SET OF 4 FRUITS ,1,3/14/11 12:51,2.95,17811,United Kingdom,,,,,,,
841,546972,22328,ROUND SNACK BOXES SET OF 4 FRUITS ,3,3/18/11 12:04,4.13,,United Kingdom,,,,,,,
842,558063,21061,PARTY INVITES FOOTBALL,4,6/24/11 15:28,0.85,16395,United Kingdom,,,,,,,
843,543989,22662,LUNCH BAG DOLLY GIRL DESIGN,200,2/15/11 9:52,1.45,12415,Australia,,,,,,,
844,559796,22328,ROUND SNACK BOXES SET OF 4 FRUITS ,5,7/12/11 13:30,4.13,,United Kingdom,,,,,,,
845,553044,22328,ROUND SNACK BOXES SET OF 4 FRUITS ,6,5/13/11 9:24,2.95,12682,France,,,,,,,
846,552239,22662,LUNCH BAG DOLLY GIRL DESIGN,1,5/6/11 16:54,1.65,14056,United Kingdom,,,,,,,
847,581147,22662,LUNCH BAG DOLLY GIRL DESIGN,2,12/7/11 14:01,1.65,16426,United Kingdom,,,,,,,
848,559362,22328,ROUND SNACK BOXES SET OF 4 FRUITS ,12,7/8/11 8:43,2.95,12635,Germany,,,,,,,
849,548203,22681,FRENCH BLUE METAL DOOR SIGN 6,15,3/29/11 16:40,2.95,,United Kingdom,,,,,,,
850,557055,22328,ROUND SNACK BOXES SET OF 4 FRUITS ,24,6/16/11 14:45,2.95,12621,Germany,,,,,,,
851,568505,22681,FRENCH BLUE METAL DOOR SIGN 6,1,9/27/11 12:17,1.25,15311,United Kingdom,,,,,,,
852,575972,22328,ROUND SNACK BOXES SET OF 4 FRUITS ,2,11/13/11 13:01,2.95,14499,United Kingdom,,,,,,,
853,549738,22328,ROUND SNACK BOXES SET OF 4 FRUITS ,30,4/12/11 9:28,2.95,,Hong Kong,,,,,,,
854,557489,22328,ROUND SNACK BOXES SET OF 4 FRUITS ,6,6/20/11 14:58,2.95,12490,France,,,,,,,
855,563184,22662,LUNCH BAG DOLLY GIRL DESIGN,2,8/12/11 14:50,1.65,17516,United Kingdom,,,,,,,
856,575640,22328,ROUND SNACK BOXES SET OF 4 FRUITS ,1,11/10/11 14:01,2.95,13148,United Kingdom,,,,,,,
857,567935,22328,ROUND SNACK BOXES SET OF 4 FRUITS ,8,9/22/11 18:07,2.95,13320,United Kingdom,,,,,,,
858,566163,22662,LUNCH BAG DOLLY GIRL DESIGN,10,9/9/11 11:48,1.65,12637,France,,,,,,,
859,568877,22328,ROUND SNACK BOXES SET OF 4 FRUITS ,10,9/29/11 12:31,2.95,14680,United Kingdom,,,,,,,
860,562537,22328,ROUND SNACK BOXES SET OF 4 FRUITS ,6,8/5/11 15:02,2.95,12517,Germany,,,,,,,
861,549711,22662,LUNCH BAG DOLLY GIRL DESIGN,10,4/11/11 14:07,1.65,13654,United Kingdom,,,,,,,
862,541239,22328,ROUND SNACK BOXES SET OF 4 FRUITS ,1,1/16/11 10:56,2.95,16401,United Kingdom,,,,,,,
863,551820,22328,ROUND SNACK BOXES SET OF 4 FRUITS ,12,5/4/11 12:11,2.95,12645,Germany,,,,,,,
864,543900,22662,LUNCH BAG DOLLY GIRL DESIGN,10,2/14/11 12:11,1.65,12621,Germany,,,,,,,
865,555558,22328,ROUND SNACK BOXES SET OF 4 FRUITS ,2,6/5/11 14:06,2.95,14159,United Kingdom,,,,,,,
866,560251,22328,ROUND SNACK BOXES SET OF 4 FRUITS ,3,7/17/11 12:32,2.95,17774,United Kingdom,,,,,,,
867,573137,22662,LUNCH BAG DOLLY GIRL DESIGN,1,10/27/11 17:15,4.13,,United Kingdom,,,,,,,
868,564328,22328,ROUND SNACK BOXES SET OF 4 FRUITS ,6,8/24/11 13:42,2.95,12662,Germany,,,,,,,
869,549682,22328,ROUND SNACK BOXES SET OF 4 FRUITS ,6,4/11/11 13:22,2.95,12596,Spain,,,,,,,
870,568100,22662,LUNCH BAG DOLLY GIRL DESIGN,10,9/23/11 15:20,1.65,15475,United Kingdom,,,,,,,
871,536819,22328,ROUND SNACK BOXES SET OF 4 FRUITS ,12,12/2/10 17:12,2.95,13402,United Kingdom,,,,,,,
872,574481,22328,ROUND SNACK BOXES SET OF 4 FRUITS ,1,11/4/11 12:45,2.95,18022,United Kingdom,,,,,,,
873,561094,22328,ROUND SNACK BOXES SET OF 4 FRUITS ,6,7/25/11 10:04,2.95,12474,Germany,,,,,,,
874,578317,22662,LUNCH BAG DOLLY GIRL DESIGN,10,11/23/11 16:47,1.65,15398,United Kingdom,,,,,,,
875,551887,22662,LUNCH BAG DOLLY GIRL DESIGN,10,5/5/11 9:29,1.65,12593,France,,,,,,,
876,567066,22681,FRENCH BLUE METAL DOOR SIGN 6,10,9/16/11 12:17,1.25,13418,United Kingdom,,,,,,,
877,569329,22328,ROUND SNACK BOXES SET OF 4 FRUITS ,6,10/3/11 13:03,2.95,17652,United Kingdom,,,,,,,
878,C555881,22328,ROUND SNACK BOXES SET OF 4 FRUITS ,-1,6/7/11 15:37,2.95,12473,Germany,,,,,,,
879,568868,22328,ROUND SNACK BOXES SET OF 4 FRUITS ,6,9/29/11 12:00,2.95,12957,United Kingdom,,,,,,,
880,573153,22328,ROUND SNACK BOXES SET OF 4 FRUITS ,48,10/28/11 7:39,2.55,12678,France,,,,,,,
881,564555,22328,ROUND SNACK BOXES SET OF 4 FRUITS ,1,8/25/11 19:45,2.95,12748,United Kingdom,,,,,,,
882,546774,22662,LUNCH BAG DOLLY GIRL DESIGN,3,3/16/11 15:45,1.65,14505,United Kingdom,,,,,,,
883,545988,22328,ROUND SNACK BOXES SET OF 4 FRUITS ,6,3/8/11 12:52,2.95,12662,Germany,,,,,,,
884,544776,22328,ROUND SNACK BOXES SET OF 4 FRUITS ,4,2/23/11 11:39,4.13,,United Kingdom,,,,,,,
885,552631,21061,PARTY INVITES FOOTBALL,24,5/10/11 12:55,0.85,12684,France,,,,,,,
886,542369,22328,ROUND SNACK BOXES SET OF 4 FRUITS ,12,1/27/11 13:08,2.95,12645,Germany,,,,,,,
887,548632,22662,LUNCH BAG DOLLY GIRL DESIGN,10,4/1/11 12:25,1.65,17701,United Kingdom,,,,,,,
888,556080,22328,ROUND SNACK BOXES SET OF 4 FRUITS ,9,6/8/11 15:21,4.13,,United Kingdom,,,,,,,
889,580705,22328,ROUND SNACK BOXES SET OF 4 FRUITS ,6,12/5/11 16:28,2.95,12683,France,,,,,,,
890,557801,22662,LUNCH BAG DOLLY GIRL DESIGN,10,6/23/11 10:14,1.65,13319,United Kingdom,,,,,,,
891,563162,22681,FRENCH BLUE METAL DOOR SIGN 6,20,8/12/11 12:15,1.25,16013,United Kingdom,,,,,,,
892,566495,21061,PARTY INVITES FOOTBALL,4,9/13/11 11:14,0.85,15529,United Kingdom,,,,,,,
893,580705,22328,ROUND SNACK BOXES SET OF 4 FRUITS ,6,12/5/11 16:28,2.95,12683,France,,,,,,,
894,547650,22662,LUNCH BAG DOLLY GIRL DESIGN,2,3/24/11 12:08,1.65,17059,United Kingdom,,,,,,,
895,554356,22328,ROUND SNACK BOXES SET OF 4 FRUITS ,12,5/24/11 9:25,2.95,12670,France,,,,,,,
896,544824,22328,ROUND SNACK BOXES SET OF 4 FRUITS ,6,2/24/11 9:32,2.95,17139,United Kingdom,,,,,,,
897,579792,22662,LUNCH BAG DOLLY GIRL DESIGN,10,11/30/11 15:43,1.65,12714,France,,,,,,,
898,560426,22662,LUNCH BAG DOLLY GIRL DESIGN,10,7/18/11 15:15,1.65,14038,United Kingdom,,,,,,,
899,579134,21061,PARTY INVITES FOOTBALL,12,11/28/11 12:38,0.85,13115,United Kingdom,,,,,,,
900,571065,22328,ROUND SNACK BOXES SET OF 4 FRUITS ,12,10/13/11 14:59,2.95,12613,Germany,,,,,,,
901,551014,22328,ROUND SNACK BOXES SET OF 4 FRUITS ,6,4/26/11 11:04,2.95,13209,United Kingdom,,,,,,,
902,549902,22662,LUNCH BAG DOLLY GIRL DESIGN,100,4/12/11 16:17,1.45,14006,United Kingdom,,,,,,,
903,549680,22328,ROUND SNACK BOXES SET OF 4 FRUITS ,6,4/11/11 13:02,2.95,12701,Germany,,,,,,,
904,562104,22328,ROUND SNACK BOXES SET OF 4 FRUITS ,3,8/2/11 14:31,4.13,,United Kingdom,,,,,,,
905,563477,22662,LUNCH BAG DOLLY GIRL DESIGN,2,8/16/11 15:39,1.65,17097,Spain,,,,,,,
906,560305,22662,LUNCH BAG DOLLY GIRL DESIGN,2,7/18/11 10:49,1.65,16511,United Kingdom,,,,,,,
907,550527,22328,ROUND SNACK BOXES SET OF 4 FRUITS ,24,4/19/11 10:48,2.95,12476,Germany,,,,,,,
908,542648,22328,ROUND SNACK BOXES SET OF 4 FRUITS ,6,1/31/11 11:46,2.95,12476,Germany,,,,,,,
909,542536,22328,ROUND SNACK BOXES SET OF 4 FRUITS ,3,1/28/11 13:37,4.13,,United Kingdom,,,,,,,
910,570754,22328,ROUND SNACK BOXES SET OF 4 FRUITS ,6,10/12/11 11:40,2.95,12633,Germany,,,,,,,
911,564337,22328,ROUND SNACK BOXES SET OF 4 FRUITS ,6,8/24/11 14:40,2.95,12649,Germany,,,,,,,
912,563034,22662,LUNCH BAG DOLLY GIRL DESIGN,10,8/11/11 14:53,1.65,17644,United Kingdom,,,,,,,
913,562926,22681,FRENCH BLUE METAL DOOR SIGN 6,10,8/10/11 14:55,1.25,17512,United Kingdom,,,,,,,
914,549568,22662,LUNCH BAG DOLLY GIRL DESIGN,10,4/10/11 15:09,1.65,15665,United Kingdom,,,,,,,
915,553997,22662,LUNCH BAG DOLLY GIRL DESIGN,30,5/20/11 11:34,1.65,12656,France,,,,,,,
916,554147,22328,ROUND SNACK BOXES SET OF 4 FRUITS ,6,5/23/11 10:48,2.95,12423,Belgium,,,,,,,
917,562878,22662,LUNCH BAG DOLLY GIRL DESIGN,1,8/10/11 10:45,1.65,16241,United Kingdom,,,,,,,
918,564437,22328,ROUND SNACK BOXES SET OF 4 FRUITS ,6,8/25/11 12:10,2.95,13320,United Kingdom,,,,,,,
919,579161,22662,LUNCH BAG DOLLY GIRL DESIGN,1,11/28/11 13:56,1.65,17379,United Kingdom,,,,,,,
920,537434,22662,LUNCH BAG DOLLY GIRL DESIGN,1,12/6/10 16:57,4.21,,United Kingdom,,,,,,,
921,563476,22662,LUNCH BAG DOLLY GIRL DESIGN,20,8/16/11 15:22,1.65,17682,United Kingdom,,,,,,,
922,557055,22328,ROUND SNACK BOXES SET OF 4 FRUITS ,24,6/16/11 14:45,2.95,12621,Germany,,,,,,,
923,555545,22328,ROUND SNACK BOXES SET OF 4 FRUITS ,6,6/5/11 13:08,2.95,17735,United Kingdom,,,,,,,
924,540479,22662,LUNCH BAG DOLLY GIRL DESIGN,10,1/7/11 15:19,1.65,14889,United Kingdom,,,,,,,
925,580126,22662,LUNCH BAG DOLLY GIRL DESIGN,10,12/1/11 17:20,1.65,12562,France,,,,,,,
926,550458,22662,LUNCH BAG DOLLY GIRL DESIGN,2,4/18/11 13:13,4.13,,United Kingdom,,,,,,,
927,563093,22662,LUNCH BAG DOLLY GIRL DESIGN,1,8/11/11 17:28,4.13,,United Kingdom,,,,,,,
928,568650,22328,ROUND SNACK BOXES SET OF 4 FRUITS ,6,9/28/11 11:56,2.95,13505,Switzerland,,,,,,,
929,581230,22662,LUNCH BAG DOLLY GIRL DESIGN,10,12/8/11 10:24,1.65,14291,United Kingdom,,,,,,,
930,567305,22328,ROUND SNACK BOXES SET OF 4 FRUITS ,12,9/19/11 13:28,2.95,12621,Germany,,,,,,,
931,539750,22328,ROUND SNACK BOXES SET OF 4 FRUITS ,1,12/21/10 15:40,6.77,,United Kingdom,,,,,,,
932,547872,22662,LUNCH BAG DOLLY GIRL DESIGN,1,3/27/11 14:34,1.65,16777,United Kingdom,,,,,,,
933,571705,22328,ROUND SNACK BOXES SET OF 4 FRUITS ,6,10/18/11 15:22,2.95,12360,Austria,,,,,,,
934,581494,22328,ROUND SNACK BOXES SET OF 4 FRUITS ,6,12/9/11 10:13,2.95,12518,Germany,,,,,,,
935,569568,22328,ROUND SNACK BOXES SET OF 4 FRUITS ,6,10/5/11 9:57,2.95,12700,France,,,,,,,
936,557330,22662,LUNCH BAG DOLLY GIRL DESIGN,10,6/20/11 10:20,1.65,14291,United Kingdom,,,,,,,
937,565803,22662,LUNCH BAG DOLLY GIRL DESIGN,10,9/7/11 10:38,1.65,17735,United Kingdom,,,,,,,
938,536597,84744,S/6 SEW ON CROCHET FLOWERS,1,12/1/10 17:35,1.25,18011,United Kingdom,,,,,,,
939,540355,22328,ROUND SNACK BOXES SET OF 4 FRUITS ,1,1/6/11 15:11,4.21,,United Kingdom,,,,,,,
940,557263,22662,LUNCH BAG DOLLY GIRL DESIGN,100,6/19/11 11:08,1.45,14646,Netherlands,,,,,,,
941,561094,22328,ROUND SNACK BOXES SET OF 4 FRUITS ,6,7/25/11 10:04,2.95,12474,Germany,,,,,,,
942,557644,22662,LUNCH BAG DOLLY GIRL DESIGN,1,6/21/11 17:06,4.13,,United Kingdom,,,,,,,
943,567668,22328,ROUND SNACK BOXES SET OF 4 FRUITS ,2,9/21/11 15:29,5.79,,United Kingdom,,,,,,,
944,551276,22328,ROUND SNACK BOXES SET OF 4 FRUITS ,5,4/27/11 13:06,2.95,16016,United Kingdom,,,,,,,
945,554132,22328,ROUND SNACK BOXES SET OF 4 FRUITS ,6,5/23/11 9:43,2.95,12360,Austria,,,,,,,
946,577106,22328,ROUND SNACK BOXES SET OF 4 FRUITS ,1,11/17/11 17:18,2.95,14456,United Kingdom,,,,,,,
947,546850,22662,LUNCH BAG DOLLY GIRL DESIGN,10,3/17/11 13:20,1.65,13268,United Kingdom,,,,,,,
948,544495,22662,LUNCH BAG DOLLY GIRL DESIGN,10,2/21/11 11:42,1.65,12766,Portugal,,,,,,,
949,537793,22662,LUNCH BAG DOLLY GIRL DESIGN,3,12/8/10 12:57,1.65,15032,United Kingdom,,,,,,,
950,541115,22328,ROUND SNACK BOXES SET OF 4 FRUITS ,6,1/13/11 15:34,2.95,12578,Italy,,,,,,,
951,557569,22328,ROUND SNACK BOXES SET OF 4 FRUITS ,12,6/21/11 10:46,2.95,12474,Germany,,,,,,,
952,563026,22662,LUNCH BAG DOLLY GIRL DESIGN,2,8/11/11 14:04,1.65,15747,United Kingdom,,,,,,,
953,551887,22662,LUNCH BAG DOLLY GIRL DESIGN,10,5/5/11 9:29,1.65,12593,France,,,,,,,
954,554949,22328,ROUND SNACK BOXES SET OF 4 FRUITS ,12,5/27/11 14:44,2.95,14092,United Kingdom,,,,,,,
955,563952,22662,LUNCH BAG DOLLY GIRL DESIGN,1,8/22/11 10:44,1.65,15572,United Kingdom,,,,,,,
956,547830,22662,LUNCH BAG DOLLY GIRL DESIGN,1,3/25/11 15:50,4.13,,United Kingdom,,,,,,,
957,572475,22662,LUNCH BAG DOLLY GIRL DESIGN,1,10/24/11 13:37,1.65,15271,United Kingdom,,,,,,,
958,575144,22328,ROUND SNACK BOXES SET OF 4 FRUITS ,6,11/8/11 15:38,2.95,12540,Spain,,,,,,,
959,561113,22662,LUNCH BAG DOLLY GIRL DESIGN,1,7/25/11 12:09,1.65,17841,United Kingdom,,,,,,,
960,562560,84744,S/6 SEW ON CROCHET FLOWERS,6,8/5/11 17:12,1.25,14156,EIRE,,,,,,,
961,546438,22328,ROUND SNACK BOXES SET OF 4 FRUITS ,48,3/14/11 9:59,2.55,15125,United Kingdom,,,,,,,
962,563137,22328,ROUND SNACK BOXES SET OF 4 FRUITS ,1,8/12/11 11:22,2.95,14534,United Kingdom,,,,,,,
963,557675,22328,ROUND SNACK BOXES SET OF 4 FRUITS ,6,6/22/11 10:27,2.95,,Hong Kong,,,,,,,
964,545235,22328,ROUND SNACK BOXES SET OF 4 FRUITS ,6,3/1/11 10:31,2.95,12683,France,,,,,,,
965,569329,22328,ROUND SNACK BOXES SET OF 4 FRUITS ,6,10/3/11 13:03,2.95,17652,United Kingdom,,,,,,,
966,558475,22662,LUNCH BAG DOLLY GIRL DESIGN,1,6/29/11 15:58,4.13,,United Kingdom,,,,,,,
967,567675,22328,ROUND SNACK BOXES SET OF 4 FRUITS ,6,9/21/11 15:54,2.95,15351,United Kingdom,,,,,,,
968,576672,22662,LUNCH BAG DOLLY GIRL DESIGN,20,11/16/11 11:59,1.65,12731,France,,,,,,,
969,544933,22328,ROUND SNACK BOXES SET OF 4 FRUITS ,6,2/25/11 8:44,2.95,12633,Germany,,,,,,,
970,556304,22662,LUNCH BAG DOLLY GIRL DESIGN,20,6/10/11 10:29,1.65,12840,United Kingdom,,,,,,,
971,555591,22681,FRENCH BLUE METAL DOOR SIGN 6,10,6/6/11 9:59,1.25,15073,United Kingdom,,,,,,,
972,558896,22662,LUNCH BAG DOLLY GIRL DESIGN,1,7/4/11 15:55,1.65,,United Kingdom,,,,,,,
973,553044,22328,ROUND SNACK BOXES SET OF 4 FRUITS ,6,5/13/11 9:24,2.95,12682,France,,,,,,,
974,571240,22662,LUNCH BAG DOLLY GIRL DESIGN,10,10/14/11 14:55,1.65,12562,France,,,,,,,
975,557858,22328,ROUND SNACK BOXES SET OF 4 FRUITS ,1,6/23/11 11:51,2.95,14159,United Kingdom,,,,,,,
976,542867,22662,LUNCH BAG DOLLY GIRL DESIGN,4,2/1/11 12:22,1.65,,United Kingdom,,,,,,,
977,562680,22662,LUNCH BAG DOLLY GIRL DESIGN,1,8/8/11 13:46,1.65,17954,United Kingdom,,,,,,,
978,559607,22328,ROUND SNACK BOXES SET OF 4 FRUITS ,6,7/11/11 11:39,2.95,12681,France,,,,,,,
979,539050,84744,S/6 SEW ON CROCHET FLOWERS,1,12/15/10 16:21,1.25,12577,France,,,,,,,
980,558042,22328,ROUND SNACK BOXES SET OF 4 FRUITS ,6,6/24/11 13:26,2.95,13870,United Kingdom,,,,,,,
981,580727,22681,FRENCH BLUE METAL DOOR SIGN 6,1,12/5/11 17:17,2.46,14096,United Kingdom,,,,,,,
982,561868,22662,LUNCH BAG DOLLY GIRL DESIGN,2,7/31/11 11:26,1.65,16813,United Kingdom,,,,,,,
983,548011,22662,LUNCH BAG DOLLY GIRL DESIGN,200,3/29/11 11:14,1.45,14646,Netherlands,,,,,,,
984,C574027,22662,LUNCH BAG DOLLY GIRL DESIGN,-8,11/2/11 12:32,1.65,13394,United Kingdom,,,,,,,
985,569097,22662,LUNCH BAG DOLLY GIRL DESIGN,20,9/30/11 12:06,1.65,12731,France,,,,,,,
986,540276,22328,ROUND SNACK BOXES SET OF 4 FRUITS ,5,1/6/11 12:16,2.95,14680,United Kingdom,,,,,,,
987,543040,22681,FRENCH BLUE METAL DOOR SIGN 6,2,2/2/11 17:06,1.25,17337,United Kingdom,,,,,,,
988,547685,22328,ROUND SNACK BOXES SET OF 4 FRUITS ,6,3/24/11 14:47,2.95,12408,Belgium,,,,,,,
989,567912,22662,LUNCH BAG DOLLY GIRL DESIGN,4,9/22/11 17:07,1.65,15555,United Kingdom,,,,,,,
990,573153,22328,ROUND SNACK BOXES SET OF 4 FRUITS ,48,10/28/11 7:39,2.55,12678,France,,,,,,,
991,578814,22328,ROUND SNACK BOXES SET OF 4 FRUITS ,1,11/25/11 13:40,2.95,12748,United Kingdom,,,,,,,
992,552320,22662,LUNCH BAG DOLLY GIRL DESIGN,10,5/9/11 8:26,1.65,13985,United Kingdom,,,,,,,
993,565287,22328,ROUND SNACK BOXES SET OF 4 FRUITS ,6,9/2/11 11:42,2.95,12483,Sweden,,,,,,,
994,561507,22328,ROUND SNACK BOXES SET OF 4 FRUITS ,6,7/27/11 14:21,2.95,12397,Belgium,,,,,,,
995,C555935,22328,ROUND SNACK BOXES SET OF 4 FRUITS ,-6,6/8/11 9:14,2.95,12567,France,,,,,,,
996,569669,22662,LUNCH BAG DOLLY GIRL DESIGN,2,10/5/11 13:47,1.65,14730,United Kingdom,,,,,,,
997,554949,22328,ROUND SNACK BOXES SET OF 4 FRUITS ,12,5/27/11 14:44,2.95,14092,United Kingdom,,,,,,,
998,552333,22662,LUNCH BAG DOLLY GIRL DESIGN,4,5/9/11 10:38,1.65,15039,United Kingdom,,,,,,,
999,556494,22662,LUNCH BAG DOLLY GIRL DESIGN,3,6/12/11 14:57,1.65,17802,United Kingdom,,,,,,,